Affectionate With Family,Good With Young Children,Good With Other Dogs,Shedding Level,Coat Grooming Frequency,Drooling Level,Coat Type,Coat Length,Openness To Strangers,Playfulness Level,Watchdog/Protective Nature,Adaptability Level,Trainability Level,Energy Level,Barking Level,Mental Stimulation Needs,Height_Male,Height_Female,Weight_Male,Weight_Female,Life_Expectancy,Temperament,Group,Breed,URL
3,3,3,3,3,1,Wiry,ShortMedium,5,3,3,4,3,3,3,3,9-11.5 inches,N/A,7-10 pounds,N/A,12-15 years,confident / famously funny / fearless,TOY GROUP »,Affenpinscher,https://www.akc.org/dog-breeds/affenpinscher/
3,3,3,1,4,1,Silky,Long,3,3,3,3,1,4,3,3,25-27 inches,N/A,50-60 pounds,N/A,12-18 years,independent / sweet,HOUND GROUP »,Afghan Hound,https://www.akc.org/dog-breeds/afghan-hound/
3,3,3,1,3,1,Wiry,ShortMedium,3,3,5,3,3,3,3,3,23 inches,N/A,50-70 pounds,N/A,11-14 years,friendly / courageous / clever,TERRIER GROUP »,Airedale Terrier,https://www.akc.org/dog-breeds/airedale-terrier/
3,3,1,3,3,1,Double,Medium,2,3,5,3,3,4,2,3,26-28 inches (male),24-26 inches (female),100-130 pounds (male),70-100 pounds (female),10-14 years,dignified / courageous / profoundly loyal,WORKING GROUP »,Akita,https://www.akc.org/dog-breeds/akita/
3,3,5,3,3,1,Double,Medium,1,3,3,3,3,3,3,3,12 - 17 inches,N/A,6 - 25 lbs,N/A,13-16 years,loyal / intelligent / vigilant,FOUNDATION STOCK SERVICE »,Alaskan Klee Kai,https://www.akc.org/dog-breeds/alaskan-klee-kai/
3,3,3,3,3,1,Double,Medium,3,3,4,3,5,4,3,3,25 inches (male),23 inches (female),85 pounds (male),75 pounds (female),10-14 years,loyal / playful / affectionate,WORKING GROUP »,Alaskan Malamute,https://www.akc.org/dog-breeds/alaskan-malamute/
,3,3,2,,,Smooth,Short,,,,,4,,1,,22-25 inches (males); 20-23 inches (females),N/A,75-100 pounds (males); 60-80 pounds (females),N/A,10-12 years,loyal / self-confident,FOUNDATION STOCK SERVICE »,American Bulldog,https://www.akc.org/dog-breeds/american-bulldog/
3,3,5,2,1,1,Smooth,Short,3,3,3,3,3,4,4,3,24-26 inches (male),23-25 inches (female),45-65 pounds,N/A,11-12 years,sociable / sweet / mellow,HOUND GROUP »,American English Coonhound,https://www.akc.org/dog-breeds/american-english-coonhound/
5,5,3,3,3,1,Double,Medium,5,3,3,4,4,4,3,3,9-12 inches (toy),12-15 inches (miniature),6-10 pounds (toy),10-20 pounds (miniature),13-15 years,Loyal / Smart / Versatile,NON-SPORTING GROUP »,American Eskimo Dog,https://www.akc.org/dog-breeds/american-eskimo-dog/
3,5,5,3,1,1,Smooth,Short,3,3,3,3,3,4,5,3,22-25 inches (male),21-24 inches (female),65-70 pounds (male),60-65 pounds (female),11-13 years,independent / easy-going / sweet-tempered,HOUND GROUP »,American Foxhound,https://www.akc.org/dog-breeds/american-foxhound/
5,5,3,1,1,1,Hairless,Short,3,3,3,5,5,3,3,3,12-16 inches,N/A,12-16 pounds,N/A,14-16 years,alert / curious / energetic,TERRIER GROUP »,American Hairless Terrier,https://www.akc.org/dog-breeds/american-hairless-terrier/
3,5,5,3,1,1,Smooth,Short,1,3,5,5,3,4,5,5,22 - 27 males,21 - 25 females,45 - 75 lbs males,35 - 65 lbs females,12-15 years,intelligent / sociable / energetic,FOUNDATION STOCK SERVICE »,American Leopard Hound,https://www.akc.org/dog-breeds/american-leopard-hound/
5,3,3,2,1,1,Smooth,Short,4,3,5,3,3,3,3,3,18-19 inches (male),17-18 inches (female),55-70 pounds (male),40-55 pounds (female),12-16 years,good-natured / confident / smart,TERRIER GROUP »,American Staffordshire Terrier,https://www.akc.org/dog-breeds/american-staffordshire-terrier/
3,3,3,1,3,1,DoubleCurly,Medium,3,3,3,3,5,3,3,3,15-18 inches,N/A,30-45 pounds (male),25-40 pounds (female),10-14 years,charming / eager / happy,SPORTING GROUP »,American Water Spaniel,https://www.akc.org/dog-breeds/american-water-spaniel/
1,3,3,3,2,1,Smooth,Short,1,3,5,3,2,3,3,3,29 inches (male),27 inches (female),110-150 pounds (male),80-120 pounds (female),11-13 years,reserved / independent / loyal,WORKING GROUP »,Anatolian Shepherd Dog,https://www.akc.org/dog-breeds/anatolian-shepherd-dog/
5,3,5,3,3,3,,Short,1,3,5,5,5,5,5,5,20 -22 inches,N/A,48-70 pounds,N/A,13-15 years,versatile / agile / lively,FOUNDATION STOCK SERVICE »,Appenzeller Sennenhund,https://www.akc.org/dog-breeds/appenzeller-sennenhund/
3,3,3,3,1,1,SmoothDouble,Short,3,3,4,3,4,5,1,4,18-20 inches (male),17-19 inches (female),35-50 pounds,N/A,12-16 years,Loyal / Intelligent / Tenacious,HERDING GROUP »,Australian Cattle Dog,https://www.akc.org/dog-breeds/australian-cattle-dog/
3,3,3,3,1,1,SmoothDouble,Short,3,3,4,3,4,5,1,4,17-20 inches,N/A,35-50 lbs,N/A,10-13 years,alert / loyal / intelligent,FOUNDATION STOCK SERVICE »,Australian Kelpie,https://www.akc.org/dog-breeds/australian-kelpie/
3,5,3,3,2,1,Double,Medium,3,4,3,3,5,5,3,5,20-23 inches (male),18-21 inches (female),50-65 pounds (male),40-55 pounds (female),12-15 years,smart / work-oriented / exuberant,HERDING GROUP »,Australian Shepherd,https://www.akc.org/dog-breeds/australian-shepherd/
1,3,1,3,3,1,Double,Short,1,3,3,3,3,5,1,5,18-20 inches (males),17-19 inches (females),38-45 lbs (males),32-35 lbs (females),12-15 years,alert / active / bidable,FOUNDATION STOCK SERVICE »,Australian Stumpy Tail Cattle Dog,https://www.akc.org/dog-breeds/australian-stumpy-tail-cattle-dog/
3,5,3,1,2,1,Wiry,Short,3,4,4,3,4,4,5,4,10-11 inches,N/A,15-20 pounds,N/A,11-15 years,courageous / affectionate / spirited,TERRIER GROUP »,Australian Terrier,https://www.akc.org/dog-breeds/australian-terrier/
3,3,3,2,2,1,Smooth,Short,1,3,3,3,2,3,1,3,25-29 inches (male),23.5-27.5 inches (female),44-55 pounds (male),33-44 pounds (female),12-15 years,independent / loyal / deeply affectionate,HOUND GROUP »,Azawakh,https://www.akc.org/dog-breeds/azawakh/
4,3,3,1,5,1,CurlyWavy,MediumLong,3,3,3,3,4,3,3,3,19-24.5 inches,N/A,35-65 pounds,N/A,12-14 years,friendly / bright / sweet-natured,SPORTING GROUP »,Barbet,https://www.akc.org/dog-breeds/barbet/
3,3,3,2,1,1,Smooth,Short,3,3,3,3,2,4,1,4,17 inches (male),16 inches (female),24 pounds (male),22 pounds (female),13-14 years,independent / smart / poised,HOUND GROUP »,Basenji,https://www.akc.org/dog-breeds/basenji/
3,5,5,3,1,1,WiryDouble,Medium,5,3,1,5,1,4,3,5,12.5-15.5 inches,N/A,23-39 pounds,N/A,13-16 years,sociable / lively / smart,FOUNDATION STOCK SERVICE »,Basset Fauve de Bretagne,https://www.akc.org/dog-breeds/basset-fauve-de-bretagne/
3,5,5,2,3,4,Smooth,Short,3,3,3,3,3,2,4,3,up to 15 inches,N/A,40-65 pounds,N/A,12-13 years,charming / patient / low-key,HOUND GROUP »,Basset Hound,https://www.akc.org/dog-breeds/basset-hound/
3,5,5,3,2,1,Smooth,Short,3,4,2,4,3,4,4,4,13 inches & under,13-15 inches,under 20 pounds (13 inches & under),20-30 pounds (13-15 inches),10-15 years,curious / friendly / merry,HOUND GROUP »,Beagle,https://www.akc.org/dog-breeds/beagle/
4,5,5,3,4,1,Silky,Long,4,4,3,4,3,4,5,3,21-22 inches (male),20-21 inches (female),45-55 pounds,N/A,12-14 years,smart / bouncy / charismatic,HERDING GROUP »,Bearded Collie,https://www.akc.org/dog-breeds/bearded-collie/
3,3,3,4,3,1,SmoothDouble,Short,2,3,4,3,3,5,3,3,25.5-27.5 inches (male),24-26.5 inches (female),70-110 pounds,N/A,10-12 years,faithful / gentle / obedient,HERDING GROUP »,Beauceron,https://www.akc.org/dog-breeds/beauceron/
3,3,3,1,3,1,Curly,Medium,3,3,4,3,3,4,3,3,15-17.5 inches,N/A,17-23 pounds,N/A,11-16 years,loyal / charming / frollicking,TERRIER GROUP »,Bedlington Terrier,https://www.akc.org/dog-breeds/bedlington-terrier/
3,3,3,3,2,1,WiryRough,Medium,3,3,4,3,5,4,3,4,24-26 inches (male),22-24 inches (female),55-65 pounds,N/A,10-12 years,alert / intelligent / affectionate,HERDING GROUP »,Belgian Laekenois,https://www.akc.org/dog-breeds/belgian-laekenois/
3,3,3,3,2,1,Smooth,Short,3,3,4,3,5,4,3,4,24-26 inches (male),22-24 inches (female),60-80 pounds (male),40-60 pounds (female),14-16 years,confident / smart / hardworking,HERDING GROUP »,Belgian Malinois,https://www.akc.org/dog-breeds/belgian-malinois/
3,3,3,3,2,1,Double,Medium,3,3,4,3,5,4,3,4,24-26 inches (male),22-24 inches (female),55-75 pounds (male),45-60 pounds (female),12-14 years,bright / watchful / serious-minded,HERDING GROUP »,Belgian Sheepdog,https://www.akc.org/dog-breeds/belgian-sheepdog/
3,3,3,3,2,1,Double,Medium,3,3,4,3,5,4,3,4,24-26 inches (male),22-24 inches (female),55-75 pounds (male),45-60 pounds (female),12-14 years,alert / intelligent / courageous,HERDING GROUP »,Belgian Tervuren,https://www.akc.org/dog-breeds/belgian-tervuren/
3,3,3,1,1,2,Corded,Long,3,3,4,3,3,3,1,3,23.5 inches (male),22 inches (female),70-84 pounds (male),57-71 pounds (female),13-15 years,independent / intelligent / sociable,HERDING GROUP »,Bergamasco Sheepdog,https://www.akc.org/dog-breeds/bergamasco-sheepdog/
3,3,3,3,1,1,Wiry,Medium,3,3,4,3,4,4,2,4,23.5-25.5 inches (male),21.5-23.5 inches (female),50-70 pounds,N/A,12-13 years,loyal / good-natured / observant,HERDING GROUP »,Berger Picard,https://www.akc.org/dog-breeds/berger-picard/
5,5,5,5,3,3,Double,Medium,4,4,3,4,4,4,3,3,25-27.5 inches (male),23-26 inches (female),80-115 pounds (male),70-95 pounds (female),7-10 years,good-natured / calm / strong,WORKING GROUP »,Bernese Mountain Dog,https://www.akc.org/dog-breeds/bernese-mountain-dog/
5,5,5,1,5,1,DoubleCurly,Long,5,4,2,4,4,4,3,3,9.5-11.5 inches,N/A,12-18 pounds,N/A,14-15 years,curious / playful / peppy,NON-SPORTING GROUP »,Bichon Frise,https://www.akc.org/dog-breeds/bichon-frise/
5,3,5,1,3,1,Silky,Long,3,4,2,3,3,3,3,3,7-11 inches,N/A,4-8 pounds,N/A,16 years,intelligent / devoted / amusing,TOY GROUP »,Biewer Terrier,https://www.akc.org/dog-breeds/biewer-terrier/
4,5,5,3,2,3,Smooth,Short,3,3,2,4,3,3,4,3,25-27 inches (male),23-25 inches (female),65-110 pounds,N/A,10-12 years,easy-going / bright / brave,HOUND GROUP »,Black and Tan Coonhound,https://www.akc.org/dog-breeds/black-and-tan-coonhound/
3,3,3,3,4,3,DoubleCurly,MediumLong,2,3,5,4,4,4,3,4,27-30 inches (male),26-29 inches (female),80-130 pounds,N/A,10-12 years,intelligent / calm / powerful,WORKING GROUP »,Black Russian Terrier,https://www.akc.org/dog-breeds/black-russian-terrier/
4,3,3,3,2,5,Smooth,Short,3,3,2,3,4,3,5,3,25-27 inches (male),23-25 inches (female),90-110 pounds (male),80-100 pounds (female),10-12 years,independent / friendly / inquisitive,HOUND GROUP »,Bloodhound,https://www.akc.org/dog-breeds/bloodhound/
3,3,5,3,2,2,Smooth,Short,3,3,2,3,4,4,4,3,22-27 inches (male),21-25 inches (female),55-80 pounds (male),45-65 pounds (female),11-12 years,devoted / smart / tenacious,HOUND GROUP »,Bluetick Coonhound,https://www.akc.org/dog-breeds/bluetick-coonhound/
5,4,2,3,2,3,Smooth,Short,3,3,5,3,4,3,3,4,24-27 inches (male),22-25 inches (female),150-200 pounds,N/A,9-11 years,intelligent / confident / calm,WORKING GROUP »,Boerboel,https://www.akc.org/dog-breeds/boerboel/
5,5,3,3,2,2,DoubleWavy,Medium,4,3,3,4,4,3,3,4,20.5-21.7 inches (males),19.3-20.5 inches (females),41-60 pounds (males),37-53 pounds (females),12-15 years,"friendly, devoted, alert and intelligent",FOUNDATION STOCK SERVICE »,Bohemian Shepherd,https://www.akc.org/dog-breeds/bohemian-shepherd/
3,3,3,1,3,1,Wavy,Long,5,1,1,5,5,1,1,1,10-12 inches,N/A,6-10 pounds,N/A,12-14 years,playful / easy-going / devoted,FOUNDATION STOCK SERVICE »,Bolognese,https://www.akc.org/dog-breeds/bolognese/
5,3,3,3,3,1,DoubleWavy,Medium,4,5,3,5,5,5,4,5,19-22 inches (male),18-21 inches (female),30-55 pounds,N/A,12-15 years,energetic / affectionate / smart,HERDING GROUP »,Border Collie,https://www.akc.org/dog-breeds/border-collie/
4,5,3,2,2,1,Wiry,Short,4,4,3,4,4,3,3,3,12-15 inches,N/A,13-15.5 pounds (male),11.5-14 pounds (female),12-15 years,affectionate / happy / plucky,TERRIER GROUP »,Border Terrier,https://www.akc.org/dog-breeds/border-terrier/
3,3,3,3,2,1,CurlySilky,Medium,3,3,3,3,2,4,2,4,28 inches & up (male),26 inches & up (female),75-105 pounds (male),60-85 pounds (female),9-14 years,loyal / affectionate / regally dignified,HOUND GROUP »,Borzoi,https://www.akc.org/dog-breeds/borzoi/
5,5,4,2,2,1,Smooth,Short,5,5,3,3,4,4,2,3,15-17 inches,N/A,12-25 pounds,N/A,11-13 years,friendly / bright / amusing,NON-SPORTING GROUP »,Boston Terrier,https://www.akc.org/dog-breeds/boston-terrier/
3,3,3,3,4,2,RoughDouble,Medium,3,3,4,3,4,4,3,3,24.5-27.5 inches (male),23.5-26.5 inches (female),70-110 pounds,N/A,10-12 years,strong-willed / courageous / affectionate,HERDING GROUP »,Bouvier des Flandres,https://www.akc.org/dog-breeds/bouvier-des-flandres/
4,5,3,2,2,3,Smooth,Short,4,4,4,3,4,4,3,4,23-25 inches (male),21.5-23.5 inches (female),65-80 pounds (male),females are about 15 pounds less than male,10-12 years,active / bright / fun-loving,WORKING GROUP »,Boxer,https://www.akc.org/dog-breeds/boxer/
3,5,5,3,3,1,DoubleWavy,Medium,3,4,3,4,4,4,3,3,15.5-18 inches (male),14-16.5 inches (female),30-40 pounds (male),25-35 pounds (female),10-15 years,friendly / eager / lovable,SPORTING GROUP »,Boykin Spaniel,https://www.akc.org/dog-breeds/boykin-spaniel/
3,4,4,2,1,2,Smooth,Short,3,3,3,3,5,4,2,3,21-27 inches,N/A,55-90 pounds,N/A,10-14 years,intelligent / affectionate / enthusiastic,SPORTING GROUP »,Bracco Italiano,https://www.akc.org/dog-breeds/bracco-italiano/
3,3,4,2,1,2,Smooth,Short,3,3,3,3,5,4,2,3,19-22.5 inches,N/A,35-53 pounds,N/A,10-12 years,affectionate / gentle / adaptable,FOUNDATION STOCK SERVICE »,Braque du Bourbonnais,https://www.akc.org/dog-breeds/braque-du-bourbonnais/
3,5,5,3,1,2,Smooth,Short,3,3,3,3,3,5,3,3,18.5-23 inches,N/A,40-55 pounds,N/A,12-15 years,friendly / smart / willing to please,FOUNDATION STOCK SERVICE »,Braque Francais Pyrenean,https://www.akc.org/dog-breeds/braque-francais-pyrenean/
3,3,3,1,4,2,DoubleWavy,Long,3,3,4,3,3,3,1,3,23-27 inches (male),22-25.5 inches (female),55-100 pounds,N/A,12 years,confident / smart / faithful,HERDING GROUP »,Briard,https://www.akc.org/dog-breeds/briard/
3,4,4,3,3,1,DoubleWavy,Short,3,4,3,3,5,5,3,4,17.5-20.5 inches,N/A,30-40 pounds,N/A,12-14 years,bright / fun-loving / upbeat,SPORTING GROUP »,Brittany,https://www.akc.org/dog-breeds/brittany/
3,3,3,3,1,3,Smooth,Short,3,3,4,3,3,2,1,3,27.5-29.5 inches,N/A,90-150 pounds,N/A,8-10 years,friendly / loving / watchful,FOUNDATION STOCK SERVICE »,Broholmer,https://www.akc.org/dog-breeds/broholmer/
4,3,3,3,3,1,WirySmoothDouble,ShortMedium,4,4,3,4,4,3,4,3,7-10 inches,N/A,8-10 pounds,N/A,12-15 years,alert / curious / loyal,TOY GROUP »,Brussels Griffon,https://www.akc.org/dog-breeds/brussels-griffon/
4,3,1,3,2,1,Smooth,Short,4,4,3,3,3,4,3,4,21-22 inches,N/A,50-70 pounds,N/A,12-13 years,playful / charming / mischievous,TERRIER GROUP »,Bull Terrier,https://www.akc.org/dog-breeds/bull-terrier/
4,3,3,3,3,3,Smooth,Short,4,4,3,3,4,3,2,3,14-15 inches,N/A,50 pounds (male),40 pounds (female),8-10 years,friendly / courageous / calm,NON-SPORTING GROUP »,Bulldog,https://www.akc.org/dog-breeds/bulldog/
4,3,3,3,1,3,Smooth,Short,3,3,5,3,4,4,1,4,25-27 inches (male),24-26 inches (female),110-130 pounds (male),100-120 pounds (female),7-9 years,loyal / affectionate / brave,WORKING GROUP »,Bullmastiff,https://www.akc.org/dog-breeds/bullmastiff/
4,3,3,2,2,1,WiryDouble,Medium,3,4,4,3,3,3,4,3,10 inches (male),9.5 inches (female),14 pounds (male),13 pounds (female),13-15 years,alert / cheerful / busy,TERRIER GROUP »,Cairn Terrier,https://www.akc.org/dog-breeds/cairn-terrier/
3,3,3,4,2,1,SmoothDouble,Short,3,3,4,3,4,3,5,3,20-24 inches (male),19-23 inches (female),45-55 pounds (male),35-45 pounds (female),12-15 years,alert / vigilant / confident,HERDING GROUP »,Canaan Dog,https://www.akc.org/dog-breeds/canaan-dog/
4,3,3,2,1,3,Smooth,Short,3,3,5,3,4,4,3,3,25-27.5 inches (male),23.5-26 inches (female),Proportionate to height,N/A,9-12 years,intelligent / affectionate / majestic,WORKING GROUP »,Cane Corso,https://www.akc.org/dog-breeds/cane-corso/
4,4,3,3,2,1,Double,Medium,4,4,3,3,4,4,5,4,10.5-12.5 inches,N/A,30-38 pounds (male),25-34 pounds (female),12-15 years,loyal / affectionate / smart,HERDING GROUP »,Cardigan Welsh Corgi,https://www.akc.org/dog-breeds/cardigan-welsh-corgi/
3,3,3,3,1,2,Smooth,Short,3,3,3,3,3,3,3,3,17.75-19.5 inches,N/A,30-55 pounds,N/A,years,independent / loyal / reserved with strangers,FOUNDATION STOCK SERVICE »,Carolina Dog,https://www.akc.org/dog-breeds/carolina-dog/
4,3,3,3,2,2,Smooth,Short,3,3,4,3,4,5,1,4,22-24 inches,N/A,50-95 pounds,N/A,10-14 years,independent / loyal / watchful,FOUNDATION STOCK SERVICE »,Catahoula Leopard Dog,https://www.akc.org/dog-breeds/catahoula-leopard-dog/
3,3,2,4,3,4,Double,Medium,2,2,5,3,3,3,2,3,23-30 inches,N/A,99-170 pounds,N/A,10-12 years,fearless / bold / kind,FOUNDATION STOCK SERVICE »,Caucasian Shepherd Dog,https://www.akc.org/dog-breeds/caucasian-shepherd-dog/
5,5,5,2,2,2,WavySilky,Medium,4,3,3,3,4,3,3,3,12-13 inches,N/A,13-18 pounds,N/A,12-15 years,affectionate / gentle / graceful,TOY GROUP »,Cavalier King Charles Spaniel,https://www.akc.org/dog-breeds/cavalier-king-charles-spaniel/
3,3,3,3,1,3,Double,Medium,1,3,5,4,4,3,3,3,Minimum: 25.5-27.5 inches,N/A,Minimum: 88-110 pounds,N/A,years,independent / courageous / self-confident,FOUNDATION STOCK SERVICE »,Central Asian Shepherd Dog,https://www.akc.org/dog-breeds/central-asian-shepherd-dog/
4,5,3,2,2,1,WavySilky,Medium,4,3,3,4,3,3,3,3,10-13 inches,N/A,14-24 pounds,N/A,12-15 years,clever / adventurous / family-oriented,TERRIER GROUP »,Cesky Terrier,https://www.akc.org/dog-breeds/cesky-terrier/
4,3,3,3,3,2,WiryWavy,Medium,3,3,4,4,5,4,3,4,23-26 inches (male),21-24 inches (female),65-80 pounds (male),55-70 pounds (female),10-13 years,bright / affectionate / sensitive,SPORTING GROUP »,Chesapeake Bay Retriever,https://www.akc.org/dog-breeds/chesapeake-bay-retriever/
4,1,3,2,1,1,Smooth,ShortMedium,2,4,4,4,3,4,5,3,5-8 inches,N/A,not exceeding 6 pounds,N/A,14-16 years,charming / graceful / sassy,TOY GROUP »,Chihuahua,https://www.akc.org/dog-breeds/chihuahua/
4,3,3,1,2,1,HairlessSilky,ShortMedium,4,3,3,4,4,3,3,3,11-13 inches,N/A,8-12 pounds,N/A,13-18 years,alert / lively / affectionate,TOY GROUP »,Chinese Crested,https://www.akc.org/dog-breeds/chinese-crested/
4,3,3,3,1,3,Smooth,Short,3,3,4,4,3,3,3,3,18-20 inches,N/A,45-60 pounds,N/A,8-12 years,independent / loyal / calm,NON-SPORTING GROUP »,Chinese Shar-Pei,https://www.akc.org/dog-breeds/chinese-shar-pei/
4,5,5,3,3,1,Smooth,Medium,3,3,4,4,4,3,5,3,24-26 inches (male),22-24 inches (female),55-90 pounds (male),50-65 pounds (female),12-15 years,devoted / smart / patient,WORKING GROUP »,Chinook,https://www.akc.org/dog-breeds/chinook/
4,3,2,3,3,3,SmoothRoughDouble,Medium,2,3,5,3,3,3,1,3,17-20 inches,N/A,45-70 pounds,N/A,8-12 years,dignified / bright / serious-minded,NON-SPORTING GROUP »,Chow Chow,https://www.akc.org/dog-breeds/chow-chow/
4,3,4,1,1,1,Smooth,Short,3,4,3,4,4,3,2,3,18-19.5 inches (male),16.5-18 inches (female),22-26 pounds (male),17-22 pounds (female),12-14 years,independent / friendly / affectionate,HOUND GROUP »,Cirneco dell’Etna,https://www.akc.org/dog-breeds/cirneco-delletna/
4,3,3,3,2,4,WavySilky,Medium,4,3,3,4,4,3,1,3,18-20 inches (male),17-19 inches (female),70-85 pounds (male),55-70 pounds (female),10-12 years,mellow / amusing / gentlemanly,SPORTING GROUP »,Clumber Spaniel,https://www.akc.org/dog-breeds/clumber-spaniel/
4,5,5,3,4,2,DoubleSilky,Long,4,3,3,4,4,4,3,3,14.5-15.5 inches (male),13.5-14.5 inches (female),25-30 pounds (male),20-25 pounds (female),10-14 years,smart / happy / gentle,SPORTING GROUP »,Cocker Spaniel,https://www.akc.org/dog-breeds/cocker-spaniel/
4,5,3,3,3,2,SmoothRough,ShortLong,3,4,3,4,4,3,5,3,24-26 inches (male),22-24 inches (female),60-75 pounds (male),50-65 pounds (female),12-14 years,devoted / proud / graceful,HERDING GROUP »,Collie,https://www.akc.org/dog-breeds/collie/
5,5,5,2,4,1,DoubleWavy,Long,5,4,3,4,4,3,1,3,10-11 inches (male),9-10 inches (female),9-15 pounds (male),8-13 pounds (female),15-19 years,charming / bright / happy-go-lucky,NON-SPORTING GROUP »,Coton de Tulear,https://www.akc.org/dog-breeds/coton-de-tulear/
3,3,3,2,1,3,DoubleWavy,Medium,2,3,5,2,3,3,3,3,16-20 inches,N/A,29-44 pounds,N/A,13-14 years,loyal / active / alert and intelligent,FOUNDATION STOCK SERVICE »,Croatian Sheepdog,https://www.akc.org/dog-breeds/croatian-sheepdog/
5,5,3,2,1,1,DoubleCurly,Short,3,4,4,4,4,4,3,3,25-27 inches (male),23-25 inches (female),60-95 pounds,N/A,10-12 years,confident / proud / wickedly smart,SPORTING GROUP »,Curly-Coated Retriever,https://www.akc.org/dog-breeds/curly-coated-retriever/
5,3,3,3,1,1,,Medium,1,1,5,1,1,5,1,5,Minimum: 25.5 males; 23.5 females,N/A,Minimum: 57 males; 44 females,N/A,12-16 years,loyal / intelligent / active,FOUNDATION STOCK SERVICE »,Czechoslovakian Vlcak,https://www.akc.org/dog-breeds/czechoslovakian-vlcak/
5,3,4,2,2,2,Smooth,ShortMedium,4,4,4,4,4,3,5,3,8-9 inches (standard),5-6 inches (miniature),16-32 pounds (standard),11 pounds & under (miniature),12-16 years,curious / friendly / spunky,HOUND GROUP »,Dachshund,https://www.akc.org/dog-breeds/dachshund/
5,3,3,4,2,2,Smooth,Short,4,4,4,4,4,4,3,4,19-24 inches,N/A,45-70 pounds,N/A,11-13 years,dignified / outgoing / smart,NON-SPORTING GROUP »,Dalmatian,https://www.akc.org/dog-breeds/dalmatian/
4,3,3,2,3,1,Double,Medium,4,3,4,3,4,3,3,3,8-11 inches,N/A,18-24 pounds,N/A,12-15 years,independent / proud / smart,TERRIER GROUP »,Dandie Dinmont Terrier,https://www.akc.org/dog-breeds/dandie-dinmont-terrier/
5,5,5,2,1,1,Smooth,Short,5,4,4,4,4,4,3,4,12.5-14.5 inches,N/A,15-20 pounds,N/A,11-13 years,energetic / trainable / attentive,MISCELLANEOUS CLASS »,Danish-Swedish Farmdog,https://www.akc.org/dog-breeds/danish-swedish-farmdog/
4,5,3,2,2,2,DoubleWavy,Medium,3,3,3,3,4,3,3,3,18-21 inches,N/A,40-55 pounds,N/A,12-14 years,friendly / versatile / determined,FOUNDATION STOCK SERVICE »,Deutscher Wachtelhund,https://www.akc.org/dog-breeds/deutscher-wachtelhund/
5,5,3,4,1,2,Smooth,Short,4,4,5,4,5,5,3,4,26-28 inches (male),24-26 inches (female),75-100 pounds (male),60-90 pounds (female),10-12 years,alert / loyal / fearless,WORKING GROUP »,Doberman Pinscher,https://www.akc.org/dog-breeds/doberman-pinscher/
5,3,3,4,1,3,Smooth,Short,4,4,5,4,5,5,3,4,24-26.5 inches (male),24-25.5 inches (female),80-100 pounds,N/A,9-15 years,loyal / courageous / athletic,WORKING GROUP »,Dogo Argentino,https://www.akc.org/dog-breeds/dogo-argentino/
5,3,3,4,1,5,Smooth,Short,3,3,5,4,4,3,3,4,23.27 inches (male),23-26 inches (female),110 pounds & up (male),99 pounds & up (female),5-8 years,loyal / courageous / affectionate,WORKING GROUP »,Dogue de Bordeaux,https://www.akc.org/dog-breeds/dogue-de-bordeaux/
3,5,5,3,3,1,,Medium,3,3,1,3,5,3,1,5,23-25 (males),21.5 - 23.5 (females),70-73 (males),55-60 (females),11-14 years,loyal / intelligent / friendly,FOUNDATION STOCK SERVICE »,Drentsche Patrijshond,https://www.akc.org/dog-breeds/drentsche-patrijshond/
5,5,5,3,1,2,Double,Short,4,4,3,5,5,4,4,4,12-15 inches,N/A,35-40 pounds,N/A,15 years,loyal / determined / even-tempered,FOUNDATION STOCK SERVICE »,Drever,https://www.akc.org/dog-breeds/drever/
5,3,3,3,2,2,Double,Short,3,4,5,4,5,5,2,5,21.5-24.5 inches,N/A,42-75 pounds,N/A,11-14 years,intelligent / lively / athletic,MISCELLANEOUS CLASS »,Dutch Shepherd,https://www.akc.org/dog-breeds/dutch-shepherd/
5,5,5,3,3,2,Double,MediumLong,4,3,3,4,4,3,3,4,16-17 inches (male),15-16 inches (female),28-34 pounds (male),26-32 pounds (female),12-14 years,energetic / merry / responsive,SPORTING GROUP »,English Cocker Spaniel,https://www.akc.org/dog-breeds/english-cocker-spaniel/
5,5,5,3,1,2,Double,Short,4,4,3,4,4,4,5,4,24 inches,N/A,60-75 pounds,N/A,10-13 years,sociable / affectionate / gentle,HOUND GROUP »,English Foxhound,https://www.akc.org/dog-breeds/english-foxhound/
5,4,4,3,3,3,DoubleSilky,Medium,4,4,3,4,4,3,3,4,25-27 inches (male),23-25 inches (female),65-80 pounds (male),45-55 pounds (female),12 years,friendly / mellow / merry,SPORTING GROUP »,English Setter,https://www.akc.org/dog-breeds/english-setter/
5,3,4,3,2,3,Double,Medium,4,4,3,4,5,4,3,4,20 inches (male),19 inches (female),50 pounds (male),40 pounds (female),12-14 years,friendly / playful / obedient,SPORTING GROUP »,English Springer Spaniel,https://www.akc.org/dog-breeds/english-springer-spaniel/
5,5,5,3,3,2,DoubleSilky,Medium,3,4,3,4,3,3,2,3,9-10 inches,N/A,8-14 pounds,N/A,10-12 years,intelligent / playful / gentle,TOY GROUP »,English Toy Spaniel,https://www.akc.org/dog-breeds/english-toy-spaniel/
5,3,5,3,1,2,Smooth,Short,3,3,5,4,3,5,3,4,17-21 inches (male),16-20 inches (female),50-65 pounds (male),40-55 pounds (female),11-13 years,loyal / smart / enthusiastic,HERDING GROUP »,Entlebucher Mountain Dog,https://www.akc.org/dog-breeds/entlebucher-mountain-dog/
5,5,3,3,2,4,DoubleWavy,Long,2,3,5,3,4,3,3,3,24.5-29 inches,N/A,77-132 pounds,N/A,10-14 years,alert / intelligent / brave,FOUNDATION STOCK SERVICE »,Estrela Mountain Dog,https://www.akc.org/dog-breeds/estrela-mountain-dog/
4,4,3,3,3,2,Double,Medium,2,3,3,3,4,3,3,4,19-24 inches,N/A,40-70 pounds,N/A,12-16 years,confident / calm / family-oriented,FOUNDATION STOCK SERVICE »,Eurasier,https://www.akc.org/dog-breeds/eurasier/
5,5,4,3,2,2,SmoothWavy,Medium,4,3,3,4,5,3,3,3,18 inches (male),17 inches (female),35-50 pounds,N/A,12-13 years,sweet / fun-loving / sensitive,SPORTING GROUP »,Field Spaniel,https://www.akc.org/dog-breeds/field-spaniel/
5,4,3,4,2,2,Double,Medium,4,3,3,4,4,3,5,3,18-21 inches (male),16-19 inches (female),33-53 pounds,N/A,12-15 years,alert / friendly / agile,HERDING GROUP »,Finnish Lapphund,https://www.akc.org/dog-breeds/finnish-lapphund/
5,5,4,3,2,2,Double,Medium,3,3,3,4,3,5,5,4,17.5-20 inches (male),15.5-18 inches (female),25-33 pounds (male),20-28 pounds (female),13-15 years,good-natured / friendly / lively,NON-SPORTING GROUP »,Finnish Spitz,https://www.akc.org/dog-breeds/finnish-spitz/
5,5,5,3,2,2,Smooth,Medium,5,5,3,5,5,5,3,4,23-24.5 inches (male),22-23.5 inches (female),60-70 pounds,N/A,8-10 years,cheerful / optimistic / good-humored,SPORTING GROUP »,Flat-Coated Retriever,https://www.akc.org/dog-breeds/flat-coated-retriever/
5,5,4,3,1,3,Smooth,Short,5,5,3,5,4,3,1,3,11-13 inches,N/A,under 28 pounds,N/A,10-12 years,playful / smart / adaptable,NON-SPORTING GROUP »,French Bulldog,https://www.akc.org/dog-breeds/french-bulldog/
5,5,5,3,1,2,Smooth,Medium,5,4,3,5,5,4,3,5,21.5-24 inches,N/A,50-60 pounds,N/A,10-12 years,intelligent / sociable / gentle,FOUNDATION STOCK SERVICE »,French Spaniel,https://www.akc.org/dog-breeds/french-spaniel/
5,5,4,3,1,2,Double,Medium,4,4,3,4,5,4,3,4,22-28 inches,N/A,55-80 pounds,N/A,12-14 years,versatile / calm / family-oriented,FOUNDATION STOCK SERVICE »,German Longhaired Pointer,https://www.akc.org/dog-breeds/german-longhaired-pointer/
5,3,3,3,1,1,Smooth,Short,3,4,4,3,5,5,3,4,17-20 inches,N/A,25-45 pounds,N/A,12-14 years,intelligent / courageous / vivacious,WORKING GROUP »,German Pinscher,https://www.akc.org/dog-breeds/german-pinscher/
5,5,3,4,2,2,Double,Medium,3,4,5,5,5,5,3,5,24-26 inches (male),22-24 inches (female),65-90 pounds (male),50-70 pounds (female),7-10 years,courageous / confident / smart,HERDING GROUP »,German Shepherd Dog,https://www.akc.org/dog-breeds/german-shepherd-dog/
5,5,4,3,2,2,Smooth,Short,4,4,4,4,5,5,3,5,23-25 inches (male),21-23 inches (female),55-70 pounds (male),45-60 pounds (female),10-12 years,friendly / smart / willing to please,SPORTING GROUP »,German Shorthaired Pointer,https://www.akc.org/dog-breeds/german-shorthaired-pointer/
1,3,3,3,3,1,,,1,4,3,3,5,3,5,5,Toy 8 - 12,Med 12-16,Toy 10-11 lbs,Med 15 - 25 lbs,13-15 years,active / devoted / smart,FOUNDATION STOCK SERVICE »,German Spitz,https://www.akc.org/dog-breeds/german-spitz/
5,3,3,2,2,2,WiryDouble,Medium,4,4,3,4,5,5,3,4,24-26 inches (male),minimum 22 inches (female),50-70 pounds,N/A,14-16 years,affectionate / eager / enthusiastic,SPORTING GROUP »,German Wirehaired Pointer,https://www.akc.org/dog-breeds/german-wirehaired-pointer/
5,3,3,3,4,2,WiryDouble,Medium,3,4,5,4,5,5,3,4,25.5-27.5 inches (male),23.5-25.5 inches (female),60-85 pounds (male),55-75 pounds (female),12-15 years,alert / loyal / trainable,WORKING GROUP »,Giant Schnauzer,https://www.akc.org/dog-breeds/giant-schnauzer/
5,3,3,2,3,2,Wiry,Medium,3,3,3,4,3,3,2,3,12.5-14 inches,N/A,32-40 pounds,N/A,10-15 years,spirited / gentle / bold,TERRIER GROUP »,Glen of Imaal Terrier,https://www.akc.org/dog-breeds/glen-of-imaal-terrier/
5,5,5,4,2,2,Double,Medium,5,4,3,5,5,3,1,4,23-24 inches (male),21.5-22.5 inches (female),65-75 pounds (male),55-65 pounds (female),10-12 years,intelligent / friendly / devoted,SPORTING GROUP »,Golden Retriever,https://www.akc.org/dog-breeds/golden-retriever/
5,3,3,3,2,4,Double,Medium,3,3,4,4,5,5,3,4,24-27 inches (male),23-26 inches (female),55-80 pounds (male),45-70 pounds (female),12-13 years,confident / affectionate / bold,SPORTING GROUP »,Gordon Setter,https://www.akc.org/dog-breeds/gordon-setter/
5,3,4,3,2,2,WiryDouble,Medium,5,4,3,4,3,5,4,4,15.5-18 inches,N/A,40-45 pounds,N/A,13-15 years,independent / outgoing / happy,HOUND GROUP »,Grand Basset Griffon Vendéen,https://www.akc.org/dog-breeds/grand-basset-griffon-vendeen/
5,3,3,3,1,4,Smooth,Short,3,4,5,4,3,4,3,4,30-32 inches (male),28-30 inches (female),140-175 pounds (male),110-140 pounds (female),7-10 years,friendly / patient / dependable,WORKING GROUP »,Great Dane,https://www.akc.org/dog-breeds/great-dane/
5,3,3,3,2,3,Double,Medium,3,3,5,3,3,3,3,3,27-32 inches (male),25-29 inches (female),100 pounds & up (male),85 pounds & up (female),10-12 years,smart / patient / calm,WORKING GROUP »,Great Pyrenees,https://www.akc.org/dog-breeds/great-pyrenees/
5,5,3,3,2,3,Smooth,Short,5,4,4,3,4,4,3,4,25.5-28.5 inches (male),23.7-27 inches (female),115-140 pounds (male),85-110 pounds (female),8-11 years,faithful / family-oriented / dependable,WORKING GROUP »,Greater Swiss Mountain Dog,https://www.akc.org/dog-breeds/greater-swiss-mountain-dog/
4,3,4,2,1,1,Smooth,Short,3,3,3,4,3,4,3,3,28-30 inches (male),27-28 inches (female),65-70 pounds (male),60-65 pounds (female),10-13 years,independent / gentle / noble,HOUND GROUP »,Greyhound,https://www.akc.org/dog-breeds/greyhound/
5,5,3,3,2,2,Smooth,Short,5,4,4,3,4,4,3,4,19-24 inches,N/A,40-75 pounds,N/A,14-17 years,versatile / agile / regal,FOUNDATION STOCK SERVICE »,Hamiltonstovare,https://www.akc.org/dog-breeds/hamiltonstovare/
3,3,5,3,2,2,Smooth,Short,3,3,2,3,4,4,4,3,19-21 inches,N/A,79-99 pounds,N/A,10-14 years,independent / loyal / calm,FOUNDATION STOCK SERVICE »,Hanoverian Scenthound,https://www.akc.org/dog-breeds/hanoverian-scenthound/
5,5,5,3,1,2,Double,Short,4,4,3,4,4,4,5,4,19-21 inches,N/A,45-60 pounds,N/A,12-15 years,friendly / outgoing / people-oriented,HOUND GROUP »,Harrier,https://www.akc.org/dog-breeds/harrier/
5,5,5,2,3,1,DoubleSilky,Long,5,5,3,5,4,3,4,3,8.5-11.5 inches,N/A,7-13 pounds,N/A,14-16 years,intelligent / outgoing / funny,TOY GROUP »,Havanese,https://www.akc.org/dog-breeds/havanese/
5,3,3,3,2,2,Double,Medium,3,3,5,3,4,4,3,4,18-20 inches,N/A,44-66 pounds,N/A,12-15 years,dignified / alert / devoted,FOUNDATION STOCK SERVICE »,Hokkaido,https://www.akc.org/dog-breeds/hokkaido/
5,4,4,3,2,2,Double,Medium,4,4,5,4,4,3,1,4,23-28 inches,N/A,65-90 pounds,N/A,10-14 years,alert / intelligent / faithful,FOUNDATION STOCK SERVICE »,Hovawart,https://www.akc.org/dog-breeds/hovawart/
5,3,5,2,1,1,WirySmooth,Short,3,4,3,4,3,5,3,5,23.5-27.5 inches (male),22.5-26 inches (female),50 pounds (male),45 pounds (female),11-14 years,family-oriented / even-tempered / polite,HOUND GROUP »,Ibizan Hound,https://www.akc.org/dog-breeds/ibizan-hound/
5,5,4,3,2,2,Double,Medium,3,3,4,4,5,4,4,5,18 inches (male),16.5 inches (female),30 pounds (male),25 pounds (female),12-14 years,friendly / playful / inquisitive,HERDING GROUP »,Icelandic Sheepdog,https://www.akc.org/dog-breeds/icelandic-sheepdog/
5,5,5,2,2,2,DoubleSilky,Medium,5,3,3,5,5,5,3,3,24.5-26 inches (male),22.5-24 inches (female),42-60 pounds (male),35-50 pounds (female),11-15 years,courageous / spirited / determined,SPORTING GROUP »,Irish Red and White Setter,https://www.akc.org/dog-breeds/irish-red-and-white-setter/
5,5,5,3,3,2,Silky,Medium,5,5,3,4,4,5,3,4,27 inches (male),25 inches (female),70 pounds (male),60 pounds (female),12-15 years,active / sweet-natured / outgoing,SPORTING GROUP »,Irish Setter,https://www.akc.org/dog-breeds/irish-setter/
5,5,1,2,1,1,WiryDouble,Medium,3,3,5,4,3,3,3,4,18 inches,N/A,27 pounds (male),25 pounds (female),13-15 years,bold / dashing / tenderhearted,TERRIER GROUP »,Irish Terrier,https://www.akc.org/dog-breeds/irish-terrier/
5,3,3,1,3,2,Curly,Medium,3,5,3,4,5,3,1,4,22-24 inches (male),21-23 inches (female),55-68 pounds (male),45-58 pounds (female),12-13 years,playful / hardworking / brave,SPORTING GROUP »,Irish Water Spaniel,https://www.akc.org/dog-breeds/irish-water-spaniel/
5,3,4,3,2,2,Wiry,Medium,3,3,5,3,3,3,1,3,32 inches minimum (male),30 inches minimum (female),120 pounds (male),105 pounds (female),6-8 years,dignified / courageous / calm,HOUND GROUP »,Irish Wolfhound,https://www.akc.org/dog-breeds/irish-wolfhound/
5,3,5,3,1,1,Smooth,Short,5,4,3,4,4,3,3,3,13-15 inches,N/A,7-14 pounds,N/A,14-15 years,alert / playful / sensitive,TOY GROUP »,Italian Greyhound,https://www.akc.org/dog-breeds/italian-greyhound/
5,3,3,2,1,1,WirySmoothRough,Short,3,4,4,3,3,3,1,4,13-16 inches,N/A,17-22 pounds,N/A,10-12 years,intelligent / courageous / hardworking,FOUNDATION STOCK SERVICE »,Jagdterrier,https://www.akc.org/dog-breeds/jagdterrier/
1,3,1,5,3,1,Double,Medium,1,3,5,3,1,3,3,3,25-27.5 inches (male),22.5-25 inches (female),65-75 pounds (male),55-65 pounds (female),10-12 years,dignified / alert / aloof,MISCELLANEOUS CLASS »,Japanese Akitainu,https://www.akc.org/dog-breeds/japanese-akitainu/
5,3,5,3,2,1,Silky,Medium,3,3,3,4,3,3,2,3,8-11 inches,N/A,7-11 pounds,N/A,10-12 years,charming / loving / noble,TOY GROUP »,Japanese Chin,https://www.akc.org/dog-breeds/japanese-chin/
3,5,5,3,3,1,Double,Medium,5,3,3,5,5,3,3,3,12-15 inches,N/A,10-25 pounds,N/A,10-14 years,"loyal, playful, smart",FOUNDATION STOCK SERVICE »,Japanese Spitz,https://www.akc.org/dog-breeds/japanese-spitz/
3,3,3,3,2,1,,,3,3,5,5,1,3,1,3,10-13 inches,N/A,10-12 lbs,N/A,13-15 years,reserved / independent / curious,FOUNDATION STOCK SERVICE »,Japanese Terrier,https://www.akc.org/dog-breeds/japanese-terrier/
3,3,1,3,3,1,Double,Medium,1,3,3,1,3,3,3,3,19-22 (males),17-20 (females),40 -50 (males),30-40 (females),14-15 years,alert / loyal / intelligent,FOUNDATION STOCK SERVICE »,Jindo,https://www.akc.org/dog-breeds/jindo/
5,3,3,3,1,1,Double,Medium,1,3,5,3,3,3,3,3,18.5 - 19.5 (males),15.5 - 17 (females),30-40 (males),25-35 (females),12-15 years,loyal / intelligent / agile,MISCELLANEOUS CLASS »,Kai Ken,https://www.akc.org/dog-breeds/kai-ken/
3,1,3,3,3,2,Double,Medium,3,3,5,3,4,3,3,3,19-23.5 inches,N/A,44-49 pounds,N/A,11-13 years,independent / loyal / courageous,FOUNDATION STOCK SERVICE »,Karelian Bear Dog,https://www.akc.org/dog-breeds/karelian-bear-dog/
5,5,5,3,3,2,Double,Long,5,5,5,5,5,4,4,4,18 inches (male),17 inches (female),35-45 pounds,N/A,12-15 years,friendly / lively / outgoing,NON-SPORTING GROUP »,Keeshond,https://www.akc.org/dog-breeds/keeshond/
5,4,2,1,3,2,Wavy,Medium,3,3,5,3,3,4,4,4,18-19.5 inches (male),17.5-19 inches (female),33-40 pounds (male),females weigh proportionately less than males,12-15 years,alert / smart / people-oriented,TERRIER GROUP »,Kerry Blue Terrier,https://www.akc.org/dog-breeds/kerry-blue-terrier/
5,3,3,3,1,1,Double,Short,5,3,3,3,3,3,1,5,19-22 inches,N/A,30-60 pounds,N/A,12-15 years,alert / good-natured / confident,FOUNDATION STOCK SERVICE »,Kishu Ken,https://www.akc.org/dog-breeds/kishu-ken/
5,3,2,1,4,2,Corded,Long,3,3,5,3,4,3,3,3,27.5 minimum inches (male),25.5 minimum inches (female),100 pounds or more (male),80 pounds or more (female),10-12 years,dignified / loyal / brave,WORKING GROUP »,Komondor,https://www.akc.org/dog-breeds/komondor/
5,4,3,2,1,1,WirySmooth,Short,4,4,3,4,4,4,3,3,15-18 inches,N/A,20-35 pounds,N/A,13-15 years,intelligent / active / sensitive,FOUNDATION STOCK SERVICE »,Kromfohrlander,https://www.akc.org/dog-breeds/kromfohrlander/
5,3,3,3,2,2,Double,Medium,3,3,5,4,5,3,3,3,28-30 inches (male),26-28 inches (female),100-115 pounds (male),70-90 pounds (female),10-12 years,loyal / fearless / sweet,WORKING GROUP »,Kuvasz,https://www.akc.org/dog-breeds/kuvasz/
5,5,5,4,2,2,Double,Short,5,5,3,5,5,5,3,4,22.5-24.5 inches (male),21.5-23.5 inches (female),65-80 pounds (male),55-70 pounds (female),11-13 years,active / friendly / outgoing,SPORTING GROUP »,Labrador Retriever,https://www.akc.org/dog-breeds/labrador-retriever/
5,3,5,1,2,2,DoubleCurly,Medium,4,4,3,4,4,4,2,4,17-19 inches (male),16-18 inches (female),28.5-35 pounds (male),24-31 pounds (female),15-17 years,affectionate / keen / undemanding,SPORTING GROUP »,Lagotto Romagnolo,https://www.akc.org/dog-breeds/lagotto-romagnolo/
5,3,3,2,2,1,WiryDouble,Short,3,4,3,4,3,3,3,4,14.5-15 inches (male),slightly smaller (female),17 pounds (male),slightly smaller (female),12-15 years,friendly / confident / bold,TERRIER GROUP »,Lakeland Terrier,https://www.akc.org/dog-breeds/lakeland-terrier/
5,5,5,3,1,1,Double,Short,4,4,3,4,4,4,4,4,10-12 inches,N/A,9-17 pounds,N/A,12-15 years,intelligent / versatile / affectionate,MISCELLANEOUS CLASS »,Lancashire Heeler,https://www.akc.org/dog-breeds/lancashire-heeler/
5,3,3,3,2,2,Double,Short,3,3,4,4,4,4,4,4,18-20 inches,N/A,70 pounds,N/A,10-14 years,intelligent / friendly / energetic,FOUNDATION STOCK SERVICE »,Lapponian Herder,https://www.akc.org/dog-breeds/lapponian-herder/
5,5,3,4,4,3,Double,Long,5,3,4,4,5,3,3,4,28-31.5 inches (male),25.5-29.5 inches (female),110-170 pounds (male),90-140 pounds (female),7 years,friendly / playful / gentle,WORKING GROUP »,Leonberger,https://www.akc.org/dog-breeds/leonberger/
5,3,3,1,3,1,Silky,Long,3,3,5,5,3,3,3,3,10-11 inches (male),slightly smaller (female),12-18 pounds,N/A,12-15 years,confident / smart / comical,NON-SPORTING GROUP »,Lhasa Apso,https://www.akc.org/dog-breeds/lhasa-apso/
5,5,3,2,2,1,Wavy,Long,3,4,4,4,4,3,3,3,12-14 inches,N/A,15 pounds,N/A,13-15 years,affectionate / outgoing / positive,NON-SPORTING GROUP »,Löwchen,https://www.akc.org/dog-breeds/lowchen/
5,3,3,1,4,1,Silky,Long,3,3,4,4,3,3,3,3,7-9 inches,N/A,under 7 pounds,N/A,12-15 years,playful / charming / gentle,TOY GROUP »,Maltese,https://www.akc.org/dog-breeds/maltese/
5,4,3,2,2,1,Smooth,Short,3,4,4,4,4,4,4,3,15-16 inches,N/A,12-22 pounds,N/A,15-17 years,bright / spirited / keenly observant,TERRIER GROUP »,Manchester Terrier (Standard),https://www.akc.org/dog-breeds/manchester-terrier-standard/
5,4,3,2,2,1,Smooth,Short,3,4,4,4,4,4,4,3,10-12 inches,N/A,under 12 pounds,N/A,15-17 years,intelligent / agile / spirited,TOY GROUP »,Manchester Terrier (Toy),https://www.akc.org/dog-breeds/manchester-terrier-toy/
5,5,3,3,1,4,Double,Short,3,3,5,4,3,3,1,3,30 inches & up (male),27.5 inches & up (female),160-230 pounds (male),120-170 pounds (female),6-10 years,dignified / good-natured / courageous,WORKING GROUP »,Mastiff,https://www.akc.org/dog-breeds/mastiff/
5,5,5,3,3,2,Double,Medium,3,4,3,4,5,5,3,5,14-18 inches (male),13-17 inches (female),20-40 pounds,N/A,12-13 years,intelligent / good-natured / devoted,HERDING GROUP »,Miniature American Shepherd,https://www.akc.org/dog-breeds/miniature-american-shepherd/
5,3,3,2,1,2,Smooth,Short,3,4,4,4,3,4,5,4,10-14 inches,N/A,18-28 pounds,N/A,11-13 years,upbeat / mischievous / comical,TERRIER GROUP »,Miniature Bull Terrier,https://www.akc.org/dog-breeds/miniature-bull-terrier/
5,3,4,3,1,1,Smooth,Short,3,4,5,4,3,5,5,5,10-12.5 inches,N/A,8-10 pounds,N/A,12-16 years,fearless / proud / fun-loving,TOY GROUP »,Miniature Pinscher,https://www.akc.org/dog-breeds/miniature-pinscher/
5,5,3,3,4,2,WiryDouble,Medium,3,4,4,5,5,3,5,4,12-14 inches,N/A,11-20 pounds,N/A,12-15 years,friendly / smart / obedient,TERRIER GROUP »,Miniature Schnauzer,https://www.akc.org/dog-breeds/miniature-schnauzer/
3,3,3,3,3,1,Smooth,Short,1,5,5,3,5,5,5,5,18 - 26 (males),16 - 24 (females_,30-60 pounds,N/A,10-13 years,intelligent / reserved with strangers / strong-willed,FOUNDATION STOCK SERVICE »,Mountain Cur,https://www.akc.org/dog-breeds/mountain-cur/
5,3,3,2,1,2,Curly,Medium,3,5,4,4,5,5,4,4,15-18.5 inches,N/A,18-29 pounds,N/A,12-14 years,loyal / intelligent / active,HERDING GROUP »,Mudi,https://www.akc.org/dog-breeds/mudi/
3,3,3,3,2,5,Smooth,Short,3,2,5,3,3,2,1,3,26-31 inches (male),24-29 inches (female),150 pounds (male),110 pounds (female),7-9 years,dignified / loyal / watchful,WORKING GROUP »,Neapolitan Mastiff,https://www.akc.org/dog-breeds/neapolitan-mastiff/
5,3,3,3,2,2,DoubleWavy,Medium,4,3,3,4,5,4,3,4,"Dogs 16""","Females 15""",20 - 30 lbs,N/A,12-15 years,alert / friendly / quick,SPORTING GROUP »,Nederlandse Kooikerhondje,https://www.akc.org/dog-breeds/nederlandse-kooikerhondje/
5,5,5,3,2,5,Double,Medium,5,3,5,4,3,3,1,3,28 inches (average male),26 inches (average female),130-150 pounds (male),100-120 pounds (female),9-10 years,devoted / sweet / patient,WORKING GROUP »,Newfoundland,https://www.akc.org/dog-breeds/newfoundland/
5,5,3,3,2,1,WiryDouble,Short,5,4,4,4,3,4,4,4,9-10 inches,N/A,11-12 pounds,N/A,12-16 years,alert / fearless / fun-loving,TERRIER GROUP »,Norfolk Terrier,https://www.akc.org/dog-breeds/norfolk-terrier/
5,3,3,3,2,1,Double,Short,3,3,3,4,4,4,3,3,16.5-18 inches,N/A,20-30 pounds,N/A,14-17 years,fearless / agile / attentive,MISCELLANEOUS CLASS »,Norrbottenspets,https://www.akc.org/dog-breeds/norrbottenspets/
5,3,3,3,2,1,Double,Medium,3,3,4,4,3,4,4,4,17-18.5 inches (male),16-17.5 inches (female),31-40 pounds (male),26-35 pounds (female),12-15 years,confident / smart / perceptive,HERDING GROUP »,Norwegian Buhund,https://www.akc.org/dog-breeds/norwegian-buhund/
5,3,3,3,2,2,Double,Medium,4,4,5,4,4,4,4,4,20.5 inches (male),19.5 inches (female),55 pounds (male),48 pounds (female),12-15 years,friendly / confident / dependable,HOUND GROUP »,Norwegian Elkhound,https://www.akc.org/dog-breeds/norwegian-elkhound/
3,3,3,3,2,1,Double,Short,3,3,3,3,3,3,3,3,13-15 inches (male),12-14 inches (female),15-18 lbs (male),12-15 lbs (female),12-15 years,alert / loyal / energetic,NON-SPORTING GROUP »,Norwegian Lundehund,https://www.akc.org/dog-breeds/norwegian-lundehund/
5,5,3,3,2,1,WiryDouble,Short,5,4,4,4,3,4,4,4,10 inches,N/A,12 pounds,N/A,12-15 years,alert / curious / loyal / affectionate / gregarious,TERRIER GROUP »,Norwich Terrier,https://www.akc.org/dog-breeds/norwich-terrier/
5,5,4,3,2,2,Double,Medium,3,5,3,4,5,5,2,4,18-21 inches (male),17-20 inches (female),35-50 pounds,N/A,12-14 years,intelligent / affectionate / outgoing,SPORTING GROUP »,Nova Scotia Duck Tolling Retriever,https://www.akc.org/dog-breeds/nova-scotia-duck-tolling-retriever/
5,5,3,3,4,3,Double,Long,3,4,4,4,4,3,3,4,22 inches & up (male),21 inches & up (female),60-100 pounds,N/A,10-12 years,smart / gentle / adaptable,HERDING GROUP »,Old English Sheepdog,https://www.akc.org/dog-breeds/old-english-sheepdog/
5,3,3,2,2,3,RoughDouble,Medium,4,3,3,4,4,3,5,3,27 inches (male),24 inches (female),115 pounds (male),80 pounds (female),10-13 years,even-tempered / amiable / boisterous,HOUND GROUP »,Otterhound,https://www.akc.org/dog-breeds/otterhound/
5,5,3,3,2,1,Silky,Medium,5,5,4,5,5,4,5,5,8-11 inches,N/A,5-10 pounds,N/A,14-16 years,alert / friendly / happy,TOY GROUP »,Papillon,https://www.akc.org/dog-breeds/papillon/
5,3,5,2,2,1,SmoothDouble,Short,3,4,3,4,4,5,3,4,14 inches (male),13 inches (female),13-17 pounds,N/A,13-15 years,friendly / clever / athletic,TERRIER GROUP »,Parson Russell Terrier,https://www.akc.org/dog-breeds/parson-russell-terrier/
5,3,3,3,3,1,Double,Long,3,4,4,4,3,3,1,3,6-9 inches,N/A,up to 14 pounds,N/A,12-14 years,loyal / affectionate / regal in manner,TOY GROUP »,Pekingese,https://www.akc.org/dog-breeds/pekingese/
5,3,4,4,2,1,Double,Short,4,4,5,4,4,4,4,4,10-12 inches,N/A,up to 30 pounds (male),up to 28 pounds (female),12-13 years,alert / affectionate / smart,HERDING GROUP »,Pembroke Welsh Corgi,https://www.akc.org/dog-breeds/pembroke-welsh-corgi/
2,1,1,3,1,4,Smooth,Short,1,1,5,2,3,2,3,3,22-26 inches,N/A,84-110 pounds,N/A,9-11 years,strong-willed / confident / calm,FOUNDATION STOCK SERVICE »,Perro de Presa Canario,https://www.akc.org/dog-breeds/perro-de-presa-canario/
5,3,3,1,1,1,HairlessSmooth,Short,3,3,3,3,3,4,3,4,9.75-15.75 inches (small) 15.75-19.75 inches (medium) 19.75-25.75 inches (large),N/A,8.5-17.5 pounds (small) 17.5-26.5 pounds (medium) 26.5-55 pounds (large),N/A,12-14 years,loyal / affectionate / noble,MISCELLANEOUS CLASS »,Peruvian Inca Orchid,https://www.akc.org/dog-breeds/peruvian-inca-orchid/
4,5,5,2,2,2,RoughDouble,Long,4,4,4,4,3,4,5,4,13-15 inches,N/A,25-40 pounds,N/A,14-16 years,alert / happy / vivacious,HOUND GROUP »,Petit Basset Griffon Vendéen,https://www.akc.org/dog-breeds/petit-basset-griffon-vendeen/
5,3,5,3,2,1,Smooth,Short,3,3,3,3,4,4,3,4,23-25 inches (male),21-24 inches (female),45-55 pounds,N/A,12-14 years,friendly / smart / noble,HOUND GROUP »,Pharaoh Hound,https://www.akc.org/dog-breeds/pharaoh-hound/
5,3,5,2,1,2,Smooth,Short,4,3,4,4,4,4,4,3,20-25 inches (male),20-23 inches (female),50-60 pounds (male),40-55 pounds (female),12-14 years,Loyal / Alert / Intelligent,HOUND GROUP »,Plott Hound,https://www.akc.org/dog-breeds/plott-hound/
5,3,5,3,2,2,Smooth,Short,4,4,3,4,5,4,3,4,25-28 inches (male),23-26 inches (female),55-75 pounds (male),45-65 pounds (female),12-17 years,loyal / hardworking / even-tempered,SPORTING GROUP »,Pointer,https://www.akc.org/dog-breeds/pointer/
5,3,3,2,4,2,Double,Long,3,4,5,5,4,3,4,4,18-20 inches (male),17-19 inches (female),30-50 pounds,N/A,12-14 years,confident / lively / clever,HERDING GROUP »,Polish Lowland Sheepdog,https://www.akc.org/dog-breeds/polish-lowland-sheepdog/
5,3,3,2,3,1,Double,Long,3,3,4,4,3,3,4,3,6-7 inches,N/A,3-7 pounds,N/A,12-16 years,inquisitive / lively / bold,TOY GROUP »,Pomeranian,https://www.akc.org/dog-breeds/pomeranian/
5,5,3,1,4,1,Curly,Long,5,5,3,4,5,4,4,5,10-15 inches,N/A,10-15 pounds,N/A,10-18 years,active / proud / very smart,NON-SPORTING GROUP »,Poodle (Miniature),https://www.akc.org/dog-breeds/poodle-miniature/
5,5,3,1,4,1,Curly,Long,5,5,5,4,5,4,4,5,over 15 inches (standard),N/A,60-70 pounds (male standard),40-50 pounds (female standard),10-18 years,active / proud / very smart,NON-SPORTING GROUP »,Poodle (Standard),https://www.akc.org/dog-breeds/poodle-standard/
5,5,3,1,4,1,Curly,Long,5,5,3,4,5,4,4,5,No more than 10 inches,N/A,4-6 pounds,N/A,10-18 years,intelligent / agile / self-confident,TOY GROUP »,Poodle (Toy),https://www.akc.org/dog-breeds/poodle-toy/
5,5,5,3,1,3,Smooth,Short,5,5,3,4,5,4,2,4,22-23 inches,N/A,55-62 pounds,N/A,12-13 years,independent / energetic / powerful,FOUNDATION STOCK SERVICE »,Porcelaine,https://www.akc.org/dog-breeds/porcelaine/
5,5,5,3,2,1,WirySmooth,Medium,3,4,3,4,3,4,3,4,22-28 inches (large) 16-22 inches (medium),N/A,44-66 pounds (large) 35-44 pounds (medium),N/A,10-15 years,alert / independent / intelligent,MISCELLANEOUS CLASS »,Portuguese Podengo,https://www.akc.org/dog-breeds/portuguese-podengo/
5,5,5,3,2,1,WirySmooth,Short,3,4,3,4,3,4,3,4,8-12 inches,N/A,9-13 pounds,N/A,12-15 years,playful / charming / lively,HOUND GROUP »,Portuguese Podengo Pequeno,https://www.akc.org/dog-breeds/portuguese-podengo-pequeno/
5,5,3,3,1,2,Smooth,Short,4,4,3,4,5,5,3,5,20.5-22 inches,N/A,35-59 pounds,N/A,14 years,energetic / affectionate / smart,FOUNDATION STOCK SERVICE »,Portuguese Pointer,https://www.akc.org/dog-breeds/portuguese-pointer/
5,3,3,2,2,2,Wavy,Long,3,3,5,4,5,4,3,4,16.5-21.5 inches,N/A,37.5-59 pounds,N/A,12-13 years,intelligent / devoted / lively,FOUNDATION STOCK SERVICE »,Portuguese Sheepdog,https://www.akc.org/dog-breeds/portuguese-sheepdog/
5,5,4,2,4,2,CurlyWavy,Long,4,5,4,5,5,5,3,5,20-23 inches (male),17-21 inches (female),42-60 pounds (male),35-50 pounds (female),11-13 years,affectionate / adventurous / athletic,WORKING GROUP »,Portuguese Water Dog,https://www.akc.org/dog-breeds/portuguese-water-dog/
5,3,3,3,1,3,WirySmoothRough,Short,3,3,3,5,5,4,3,4,22-26 inches,N/A,45-70 pounds,N/A,14 years,friendly / smart / willing to please,FOUNDATION STOCK SERVICE »,Pudelpointer,https://www.akc.org/dog-breeds/pudelpointer/
5,5,4,4,2,1,Smooth,Short,5,5,3,5,4,3,1,3,10-13 inches,N/A,14-18 pounds,N/A,13-15 years,charming / loving / mischievous,TOY GROUP »,Pug,https://www.akc.org/dog-breeds/pug/
5,3,3,1,5,2,CordedDouble,Long,3,3,5,4,5,3,3,5,17 inches (male),16 inches (female),25-35 pounds,N/A,10-15 years,loyal / smart / home-loving,HERDING GROUP »,Puli,https://www.akc.org/dog-breeds/puli/
5,3,3,1,2,2,CurlyWavy,Medium,3,4,4,4,5,5,3,5,16-18.5 inches (male),15-17.5 inches (female),27-29 pounds (male),22-24 pounds (female),12-13 years,energetic / lively / ready to work,HERDING GROUP »,Pumi,https://www.akc.org/dog-breeds/pumi/
5,5,3,3,3,5,Double,Medium,3,3,5,3,3,2,1,3,Males 30-31 inches,Females 25-30 inches,120-240 pounds,N/A,10-13 years,gentle / brave / noble,FOUNDATION STOCK SERVICE »,Pyrenean Mastiff,https://www.akc.org/dog-breeds/pyrenean-mastiff/
5,3,3,3,2,2,SmoothRough,Medium,3,5,5,4,5,5,4,5,15.5-18.5 inches (male rough-faced),15-18 inches (female rough-faced),15-30 pounds,N/A,17-19 years,active / affectionate / enthusiastic,HERDING GROUP »,Pyrenean Shepherd,https://www.akc.org/dog-breeds/pyrenean-shepherd/
5,3,3,3,2,3,Double,Short,3,3,5,5,5,3,2,3,25-29 inches,N/A,77-132 pounds,N/A,12-14 years,confident / calm / powerful,FOUNDATION STOCK SERVICE »,Rafeiro do Alentejo,https://www.akc.org/dog-breeds/rafeiro-do-alentejo/
5,5,3,3,2,1,Smooth,Short,5,5,4,4,5,4,3,5,10-13 inches (miniature),13-18 inches (standard),10-25 pounds,N/A,12-18 years,friendly / inquisitive / lovable,TERRIER GROUP »,Rat Terrier,https://www.akc.org/dog-breeds/rat-terrier/
5,5,5,3,2,3,Smooth,Short,3,3,3,4,3,3,4,4,22-27 inches (male),21-26 inches (female),45-70 pounds,N/A,12-15 years,eager to please / even-tempered / amiable,HOUND GROUP »,Redbone Coonhound,https://www.akc.org/dog-breeds/redbone-coonhound/
5,5,3,3,2,2,Smooth,Short,3,3,5,4,4,3,2,4,25-27 inches (male),24-26 inches (female),85 pounds (male),70 pounds (female),years,dignified / affectionate / even-tempered,HOUND GROUP »,Rhodesian Ridgeback,https://www.akc.org/dog-breeds/rhodesian-ridgeback/
3,4,3,3,2,1,,,3,3,5,3,1,2,3,5,26-29 Males,23 - 26 Females,70 - 100 lbs,N/A,12-14 years,loyal / brave,FOUNDATION STOCK SERVICE »,Romanian Carpathian Shepherd,https://www.akc.org/dog-breeds/romanian-carpathian-shepherd/
5,5,3,2,2,3,Double,Medium,1,3,5,3,3,3,1,3,27-29 inches (males),22.5-28 inches (females),100-130 lbs,N/A,12-14 years,independent / loyal / confident guardian,FOUNDATION STOCK SERVICE »,Romanian Mioritic Shepherd Dog,https://www.akc.org/dog-breeds/romanian-mioritic-shepherd-dog/
5,3,3,3,1,3,Smooth,Short,3,4,5,4,5,3,1,5,24-27 inches (male),22-25 inches (female),95-135 pounds (male),80-100 pounds (female),9-10 years,loyal / loving / confident guardian,WORKING GROUP »,Rottweiler,https://www.akc.org/dog-breeds/rottweiler/
5,3,5,3,2,1,WirySmooth,Short,5,5,4,4,3,5,4,5,10-12 inches,N/A,9-15 pounds,N/A,12-14 years,alert / inquisitive / lively,TERRIER GROUP »,Russell Terrier,https://www.akc.org/dog-breeds/russell-terrier/
5,3,3,3,2,1,Double,Short,3,4,4,4,4,3,4,3,8-11 inches,N/A,Up to 6.5 pounds,N/A,12-14 years,loyal / charming / smart,TOY GROUP »,Russian Toy,https://www.akc.org/dog-breeds/russian-toy/
5,5,5,3,3,1,Wavy,Medium,3,3,1,5,5,3,1,1,11 inches,N/A,6 - 9 pounds,N/A,14-20 years,playful / charming / inquisitive,MISCELLANEOUS CLASS »,Russian Tsvetnaya Bolonka,https://www.akc.org/dog-breeds/russian-tsvetnaya-bolonka/
5,5,3,3,2,5,SmoothRoughDouble,Short,3,3,5,4,3,3,1,3,28-30 inches (males),26-28 inches (female),140-180 pounds (male),120-140 pounds (female),8-10 years,playful / charming / inquisitive,WORKING GROUP »,Saint Bernard,https://www.akc.org/dog-breeds/st-bernard/
5,3,3,2,1,1,Smooth,Short,3,3,1,3,3,4,3,5,23-28 inches (male),considerably smaller (female),40-65 pounds,N/A,10-17 years,dignified / gentle / independent-minded,HOUND GROUP »,Saluki,https://www.akc.org/dog-breeds/saluki/
5,5,3,3,3,1,Double,Long,5,5,4,4,4,4,5,4,21-23.5 inches (male),19-21 inches (female),45-65 pounds (male),35-50 pounds (female),12-14 years,friendly / gentle / adaptable,WORKING GROUP »,Samoyed,https://www.akc.org/dog-breeds/samoyed/
5,3,5,2,3,2,Double,Long,3,4,5,4,5,4,3,4,16-20 inches,N/A,26-55 pounds,N/A,12-15 years,friendly / watchful / lively,FOUNDATION STOCK SERVICE »,Schapendoes,https://www.akc.org/dog-breeds/schapendoes/
5,3,3,3,2,1,Double,Short,3,4,5,4,4,3,4,3,11-13 inches (male),10-12 inches (female),10-16 pounds,N/A,12-16 years,alert / curious / confident,NON-SPORTING GROUP »,Schipperke,https://www.akc.org/dog-breeds/schipperke/
5,3,5,3,1,1,WiryDouble,Medium,3,3,3,3,3,3,1,3,30-32 inches (male),28 inches & up (female),85-110 pounds (male),75-95 pounds (female),8-11 years,dignified / gentle / polite,HOUND GROUP »,Scottish Deerhound,https://www.akc.org/dog-breeds/scottish-deerhound/
5,3,2,2,3,2,WiryDouble,Medium,3,4,5,4,3,3,4,4,10 inches,N/A,19-22 pounds (male),18-21 pounds (female),12 years,independent / confident / spirited,TERRIER GROUP »,Scottish Terrier,https://www.akc.org/dog-breeds/scottish-terrier/
5,3,3,3,3,1,WiryDouble,Medium,4,3,5,4,4,3,4,4,10.5 inches,N/A,23-24 pounds (male),slightly less (females),12-14 years,alert / outgoing / sense of humor,TERRIER GROUP »,Sealyham Terrier,https://www.akc.org/dog-breeds/sealyham-terrier/
3,5,5,3,1,1,,,1,1,5,3,5,3,3,1,19.5 - 24.5 inches males,19 - 24 inches females,39 - 62 lbs,N/A,11-13 years,intelligent / friendly / eager to please,FOUNDATION STOCK SERVICE »,Segugio Italiano,https://www.akc.org/dog-breeds/segugio-italiano/
5,5,5,3,3,1,Double,Long,2,5,5,5,5,4,5,4,13-16 inches,N/A,15-25 pounds,N/A,12-14 years,playful / energetic / bright,HERDING GROUP »,Shetland Sheepdog,https://www.akc.org/dog-breeds/shetland-sheepdog/
5,3,3,3,2,1,Double,Short,3,3,5,3,2,3,3,4,14.5-16.5 inches (male),13.5-15.5 inches (female),23 pounds (male),17 pounds (female),13-16 years,alert / active / attentive,NON-SPORTING GROUP »,Shiba Inu,https://www.akc.org/dog-breeds/shiba-inu/
5,5,5,1,4,1,Double,Long,3,3,3,5,4,3,3,3,9-10.5 inches,N/A,9-16 pounds,N/A,10-18 years,playful / affectionate / outgoing,TOY GROUP »,Shih Tzu,https://www.akc.org/dog-breeds/shih-tzu/
3,3,3,3,3,1,Double,Short,3,3,3,3,3,3,3,3,17-22 inches,N/A,35-55 pounds,N/A,10-12 years,alert / energetic / enthusiastic,FOUNDATION STOCK SERVICE »,Shikoku,https://www.akc.org/dog-breeds/shikoku/
5,5,5,4,2,1,Double,Medium,5,5,1,4,3,5,5,4,21-23.5 inches (male),20-22 inches (female),45-60 pounds (male),35-50 pounds (female),12-14 years,Loyal / Outgoing / mischievous,WORKING GROUP »,Siberian Husky,https://www.akc.org/dog-breeds/siberian-husky/
5,3,3,2,3,1,Silky,Long,4,4,5,4,4,3,4,3,9-10 inches,N/A,around 10 pounds,N/A,13-15 years,friendly / quick / keenly alert,TOY GROUP »,Silky Terrier,https://www.akc.org/dog-breeds/silky-terrier/
5,3,3,3,3,1,Double,Long,3,3,3,3,3,3,3,3,10 inches (male),9.5 inches (female),35-45 pounds (male),slightly lighter (female),12-14 years,courageous / good-tempered / canny,TERRIER GROUP »,Skye Terrier,https://www.akc.org/dog-breeds/skye-terrier/
4,3,3,3,1,1,Smooth,Short,2,3,2,3,3,4,2,3,26-29 inches (male),24-27 inches (female),35-50 pounds,N/A,10-15 years,reserved / graceful / noble,HOUND GROUP »,Sloughi,https://www.akc.org/dog-breeds/sloughi/
5,3,4,2,1,2,Wiry,Short,3,3,3,3,5,4,3,3,24.5-26.5 in (male),22.5-26 in (female),50-65 lbs,N/A,12-15 years,,FOUNDATION STOCK SERVICE »,Slovakian Wirehaired Pointer,https://www.akc.org/dog-breeds/slovakian-wirehaired-pointer/
5,3,3,4,2,3,Double,Medium,2,3,5,3,3,3,1,3,23-27.5 inches,N/A,68-97 pounds,N/A,11-13 years,alert / courageous / faithful,FOUNDATION STOCK SERVICE »,Slovensky Cuvac,https://www.akc.org/dog-breeds/slovensky-cuvac/
5,3,4,3,1,2,Rough,Short,3,3,3,3,4,3,3,3,16-20 inches,N/A,33-44 pounds,N/A,12-13 years,alert / courageous / determined,FOUNDATION STOCK SERVICE »,Slovensky Kopov,https://www.akc.org/dog-breeds/slovensky-kopov/
5,4,3,3,1,2,Double,Medium,3,3,3,3,5,4,1,4,20.5-21 inches,N/A,40-60 pounds,N/A,12-14 years,intelligent / devoted / self-confident,MISCELLANEOUS CLASS »,Small Munsterlander,https://www.akc.org/dog-breeds/small-munsterlander/
5,3,3,3,2,1,Smooth,Short,3,4,5,4,3,4,5,3,15½ inches,N/A,18 pounds (male),15-17 (female),12-15 years,independent / friendly / amusing,TERRIER GROUP »,Smooth Fox Terrier,https://www.akc.org/dog-breeds/smooth-fox-terrier/
5,5,3,1,4,2,WavySilky,Medium,3,3,3,3,3,4,3,3,18-19 inches (male),17-18 inches (female),35-40 pounds (male),30-35 pounds (female),12-14 years,friendly / happy / deeply devoted,TERRIER GROUP »,Soft Coated Wheaten Terrier,https://www.akc.org/dog-breeds/soft-coated-wheaten-terrier/
5,3,3,3,1,5,SmoothDouble,Short,3,2,5,3,3,3,1,3,Minimum 28-35 inches,N/A,140-200 pounds,N/A,10-12 years,intelligent / affectionate / kind,FOUNDATION STOCK SERVICE »,Spanish Mastiff,https://www.akc.org/dog-breeds/spanish-mastiff/
5,4,3,1,4,2,CordedCurly,Medium,3,4,3,3,4,4,3,5,17.5-19.75 inches (male),15.75-18 inches (female),40-49 pounds (male),31-40 pounds (female),12-14 years,Upbeat / Playful but also work-oriented / Very Active,HERDING GROUP »,Spanish Water Dog,https://www.akc.org/dog-breeds/spanish-water-dog/
5,3,4,3,2,3,Wiry,Medium,3,3,3,3,4,3,2,3,23-27 inches (male),22-25 inches (female),In direct proportion to size and structure of a dog,N/A,10-12 years,sociable / patient / docile,SPORTING GROUP »,Spinone Italiano,https://www.akc.org/dog-breeds/spinone-italiano/
5,5,4,3,1,2,SmoothDouble,Short,3,3,3,3,5,4,3,4,19-21 inches,N/A,40-60 pounds,N/A,13-15 years,intelligent / loving / responsive,FOUNDATION STOCK SERVICE »,Stabyhoun,https://www.akc.org/dog-breeds/stabyhoun/
5,5,3,2,2,3,Smooth,Short,4,4,5,5,5,4,3,4,14-16 inches,N/A,28-38 pounds (male),24-34 pounds (female),12-14 years,clever / brave / tenacious,TERRIER GROUP »,Staffordshire Bull Terrier,https://www.akc.org/dog-breeds/staffordshire-bull-terrier/
5,5,3,1,3,3,WiryDouble,Medium,3,4,5,4,5,3,3,5,18.5-19.5 inches (male),17.5-18.5 inches (female),35-50 pounds (male),30-45 pounds (female),13-16 years,fearless / smart / spirited,WORKING GROUP »,Standard Schnauzer,https://www.akc.org/dog-breeds/standard-schnauzer/
5,3,3,3,3,3,Double,Medium,3,4,3,4,4,3,3,3,13-15 inches,N/A,35-45 pounds,N/A,13-15 years,friendly / merry / even-tempered,SPORTING GROUP »,Sussex Spaniel,https://www.akc.org/dog-breeds/sussex-spaniel/
5,3,3,3,2,2,Double,Long,4,4,4,4,5,4,4,4,16-20 inches,N/A,30-45 pounds,N/A,12-14 years,intelligent / playful / lively,FOUNDATION STOCK SERVICE »,Swedish Lapphund,https://www.akc.org/dog-breeds/swedish-lapphund/
5,5,3,4,2,2,Double,Short,3,4,3,4,4,4,3,4,12.5-13.75 inches (male),11.5-12.75 inches (female),20-35 pounds,N/A,12-15 years,friendly / energetic / watchful,HERDING GROUP »,Swedish Vallhund,https://www.akc.org/dog-breeds/swedish-vallhund/
5,3,3,3,2,2,Smooth,Short,3,3,5,4,4,5,3,4,17-20 inches,N/A,26-40 pounds,N/A,9-13 years,loyal / intelligent / versatile,FOUNDATION STOCK SERVICE »,Taiwan Dog,https://www.akc.org/dog-breeds/taiwan-dog/
5,5,5,3,1,1,Smooth,Short,1,3,3,5,3,3,3,3,8-14 inches,N/A,8-25 pounds,N/A,14-16 years,intelligent / playful / versatile,MISCELLANEOUS CLASS »,Teddy Roosevelt Terrier,https://www.akc.org/dog-breeds/teddy-roosevelt-terrier/
5,3,3,3,1,1,Smooth,Short,3,4,5,3,4,4,3,4,20-24 inches,N/A,35-75 pounds,N/A,12-13 years,independent / loyal / agile,FOUNDATION STOCK SERVICE »,Thai Ridgeback,https://www.akc.org/dog-breeds/thai-ridgeback/
4,3,3,4,3,3,Double,Medium,1,3,5,3,3,3,3,4,minimum 26 inches (male),minimum 24 inches (female),90-150 pounds (male),70-120 pounds (female),10-12 years,reserved / independent / intelligent,WORKING GROUP »,Tibetan Mastiff,https://www.akc.org/dog-breeds/tibetan-mastiff/
5,5,3,3,2,2,Double,Medium,4,4,4,4,3,3,3,3,10 inches,N/A,9-15 pounds,N/A,12-15 years,playful / bright / self-confident,NON-SPORTING GROUP »,Tibetan Spaniel,https://www.akc.org/dog-breeds/tibetan-spaniel/
5,3,3,3,3,2,Double,Long,3,3,4,4,3,4,3,4,14-17 inches,N/A,18-30 pounds (male),slightly smaller (female),15-16 years,loyal / affectionate / sensitive,NON-SPORTING GROUP »,Tibetan Terrier,https://www.akc.org/dog-breeds/tibetan-terrier/
5,3,1,4,2,3,Double,Medium,3,3,5,3,3,3,3,3,23-28 inches,N/A,62-110 pounds,N/A,12-14 years,intelligent / friendly / courageous,FOUNDATION STOCK SERVICE »,Tornjak,https://www.akc.org/dog-breeds/tornjak/
5,3,1,2,1,3,SmoothDouble,Short,1,3,5,3,3,3,3,4,Minimum 21.5-23.5 inches,N/A,100-200 pounds,N/A,10-12 years,vigilant / fearless / patient,FOUNDATION STOCK SERVICE »,Tosa,https://www.akc.org/dog-breeds/tosa/
5,3,3,3,2,1,Smooth,Short,5,4,5,4,5,4,4,4,8.5-11.5 inches,N/A,4 - 9 lbs,N/A,13-15 years,alert / intelligent / friendly,TOY GROUP »,Toy Fox Terrier,https://www.akc.org/dog-breeds/toy-fox-terrier/
5,5,5,3,2,3,Smooth,Short,4,5,5,4,4,5,4,5,22-26 inches,N/A,Minimum 55 pounds,N/A,10-14 years,good-natured / courageous / determined,FOUNDATION STOCK SERVICE »,Transylvanian Hound,https://www.akc.org/dog-breeds/transylvanian-hound/
5,3,5,2,2,3,Smooth,Short,3,3,3,3,3,3,5,4,16-24 inches,N/A,30-50 pounds,N/A,10-12 years,alert / intelligent / friendly,FOUNDATION STOCK SERVICE »,Treeing Tennessee Brindle,https://www.akc.org/dog-breeds/treeing-tennessee-brindle/
5,5,5,3,1,3,Smooth,Short,3,4,3,4,5,5,4,5,22-27 inches (male),20-25 inches (female),50-70 pounds,N/A,12-13 years,smart / brave / courteous,HOUND GROUP »,Treeing Walker Coonhound,https://www.akc.org/dog-breeds/treeing-walker-coonhound/
5,5,4,3,2,2,Smooth,Short,4,5,3,5,5,5,3,5,22-24 inches (male),21-23 inches (female),55-60 pounds (male),44-55 pounds (female),12-14 years,energetic / affectionate / gentle,SPORTING GROUP »,Vizsla,https://www.akc.org/dog-breeds/vizsla/
5,3,3,2,1,1,,Long,1,3,3,1,3,3,1,5,10.5-12 inches,N/A,10-16 pounds (males),8-12 pounds (females),12-15 years,loyal / energetic / loving,FOUNDATION STOCK SERVICE »,Volpino Italiano,https://www.akc.org/dog-breeds/volpino-italiano/
5,5,3,3,2,2,Smooth,Short,3,5,5,4,5,5,3,5,25-27 inches (male),23-25 inches (female),70-90 pounds (male),55-75 pounds (female),10-13 years,friendly / fearless / obedient,SPORTING GROUP »,Weimaraner,https://www.akc.org/dog-breeds/weimaraner/
5,5,4,3,2,2,Double,Medium,1,3,3,4,5,4,3,4,18-19 inches (male),17-18 inches (female),40-55 pounds (male),35-50 pounds (female),12-15 years,reserved / happy / upbeat,SPORTING GROUP »,Welsh Springer Spaniel,https://www.akc.org/dog-breeds/welsh-springer-spaniel/
5,5,3,2,3,2,WiryDouble,Medium,5,4,4,4,4,4,4,4,15 inches (male),porportionally smaller (female),20 pounds (male),proportionally smaller (female),12-15 years,intelligent / friendly / spirited,TERRIER GROUP »,Welsh Terrier,https://www.akc.org/dog-breeds/welsh-terrier/
5,5,3,3,3,1,Double,Medium,4,5,5,4,3,4,5,4,11 inches (male),10 inches (female),15-20 pounds,N/A,13-15 years,loyal / happy / entertaining,TERRIER GROUP »,West Highland White Terrier,https://www.akc.org/dog-breeds/west-highland-white-terrier/
,,,,,,Curly,Medium,,,,,,,,,23 inches (male),21.5 inches (female),50-75 pounds,N/A,13 years,loyal / intelligent / good-natured,FOUNDATION STOCK SERVICE »,Wetterhoun,https://www.akc.org/dog-breeds/wetterhoun/
5,5,5,2,1,1,Smooth,Short,3,4,3,3,3,4,1,4,19-22 inches (male),18-21 inches (female),25-40 pounds,N/A,12-15 years,playful / affectionate / calm,HOUND GROUP »,Whippet,https://www.akc.org/dog-breeds/whippet/
5,5,3,2,3,2,WiryDouble,Medium,5,4,4,4,4,4,4,4,15½ inches,N/A,18 pounds (male),15-17 (female),12-15 years,alert / confident / gregarious,TERRIER GROUP »,Wire Fox Terrier,https://www.akc.org/dog-breeds/wire-fox-terrier/
5,5,3,3,2,3,WiryDouble,Medium,5,4,3,4,5,5,3,5,22-24 inches (male),20-22 inches (female),50-70 pounds (male),35-50 pounds (female),12-15 years,friendly / devoted / trainable,SPORTING GROUP »,Wirehaired Pointing Griffon,https://www.akc.org/dog-breeds/wirehaired-pointing-griffon/
5,5,3,3,1,2,Wiry,Short,5,5,3,4,5,5,3,5,23-25 inches (male),21.5-23 inches (female),55-65 pounds (male),45-55 pounds (female),12-14 years,loyal / gentle / trainable,SPORTING GROUP »,Wirehaired Vizsla,https://www.akc.org/dog-breeds/wirehaired-vizsla/
5,5,3,3,1,2,Smooth,Short,5,5,4,4,5,5,3,5,19-25 inches,N/A,28-60 pounds,N/A,12-15 years,alert / intelligent / eager,FOUNDATION STOCK SERVICE »,Working Kelpie,https://www.akc.org/dog-breeds/working-kelpie/
5,3,3,1,1,1,HairlessSmooth,Short,3,4,3,4,4,4,3,4,10-14 inches (toy),14-18 inches (miniature),10-15 pounds (toy),15-30 pounds (miniature),13-18 years,alert / loyal / calm,NON-SPORTING GROUP »,Xoloitzcuintli,https://www.akc.org/dog-breeds/xoloitzcuintli/
5,5,4,4,2,3,Double,Medium,1,4,5,4,3,5,4,5,21-23 inches,N/A,40-55 pounds,N/A,10-12 years,intelligent / active / affectionate,FOUNDATION STOCK SERVICE »,Yakutian Laika,https://www.akc.org/dog-breeds/yakutian-laika/
5,5,3,1,5,1,Silky,Long,5,4,5,5,4,4,4,4,7-8 inches,N/A,7 pounds,N/A,11-15 years,affectionate / sprightly / tomboyish,TOY GROUP »,Yorkshire Terrier,https://www.akc.org/dog-breeds/yorkshire-terrier/
3,3,3,3,2,2,Smooth,Short,3,3,3,3,4,4,2,4,17-20.5 inches,N/A,37-66 pounds,N/A,12-15 years,loyal / reserved with strangers / versatile,FOUNDATION STOCK SERVICE ,Bavarian Mountain Scent Hound,https://www.akc.org/dog-breeds/bavarian-mountain-scent-hound/
0,4,3,1,0,0,Wiry,Medium,0,0,0,0,5,5,5,0,20 1/2 - 22 inches (males),19 - 21 inches (females),55-60 lbs (males),46-57 lbs (females),12-14 years,loyal / intelligent / joyful and fun loving,FOUNDATION STOCK SERVICE ,Barbado da Terceira,https://www.akc.org/dog-breeds/barbado-da-terceira/
