Affectionate With Family,Good With Young Children,Good With Other Dogs,Shedding Level,Coat Grooming Frequency,Drooling Level,Coat Type,Coat Length,Openness To Strangers,Playfulness Level,Watchdog/Protective Nature,Adaptability Level,Trainability Level,Energy Level,Barking Level,Mental Stimulation Needs,Height_Male,Height_Female,Weight_Male,Weight_Female,Life_Expectancy,Temperament,Group,Breed,URL,min_height_male,max_height_male,min_height_female,max_height_female,min_weight_male,max_weight_male,min_weight_female,max_weight_female,min_expectancy,max_expectancy
3,3,3,3,3,1,Wiry,Short Medium,5,3,3,4,3,3,3,3,9-11.5 inches,Info Not Available,7-10 pounds,Info Not Available,12-15 years,"confident,famously funny,fearless",Toy group,Affenpinscher,https://www.akc.org/dog-breeds/affenpinscher/,22.86,29.21,0.0,0.0,3.175144,4.53592,0.0,0.0,12.0,15.0
3,3,3,1,4,1,Silky,Long,3,3,3,3,1,4,3,3,25-27 inches,Info Not Available,50-60 pounds,Info Not Available,12-18 years,"independent,sweet",Hound group,Afghan Hound,https://www.akc.org/dog-breeds/afghan-hound/,63.5,68.58,0.0,0.0,22.6796,27.215519999999998,0.0,0.0,12.0,18.0
3,3,3,1,3,1,Wiry,Short Medium,3,3,5,3,3,3,3,3,23 inches,Info Not Available,50-70 pounds,Info Not Available,11-14 years,"friendly,courageous,clever",Terrier group,Airedale Terrier,https://www.akc.org/dog-breeds/airedale-terrier/,58.42,58.42,0.0,0.0,22.6796,31.75144,0.0,0.0,11.0,14.0
3,3,1,3,3,1,Double,Medium,2,3,5,3,3,4,2,3,26-28 inches (male),24-26 inches (female),100-130 pounds (male),70-100 pounds (female),10-14 years,"dignified,courageous,profoundly loyal",Working group,Akita,https://www.akc.org/dog-breeds/akita/,66.04,71.12,60.96,66.04,45.3592,58.96696,31.75144,45.3592,10.0,14.0
3,3,5,3,3,1,Double,Medium,1,3,3,3,3,3,3,3,12 - 17 inches,Info Not Available,6 - 25 lbs,Info Not Available,13-16 years,"loyal,intelligent,vigilant",Foundation stock service,Alaskan Klee Kai,https://www.akc.org/dog-breeds/alaskan-klee-kai/,30.48,43.18,0.0,0.0,2.721552,11.3398,0.0,0.0,13.0,16.0
3,3,3,3,3,1,Double,Medium,3,3,4,3,5,4,3,3,25 inches (male),23 inches (female),85 pounds (male),75 pounds (female),10-14 years,"loyal,playful,affectionate",Working group,Alaskan Malamute,https://www.akc.org/dog-breeds/alaskan-malamute/,63.5,63.5,58.42,58.42,38.55532,38.55532,34.0194,34.0194,10.0,14.0
0,3,3,2,0,0,Smooth,Short,0,0,0,0,4,0,1,0,22-25 inches (males); 20-23 inches (females),Info Not Available,75-100 pounds (males); 60-80 pounds (females),Info Not Available,10-12 years,"loyal,self-confident",Foundation stock service,American Bulldog,https://www.akc.org/dog-breeds/american-bulldog/,55.88,63.5,0.0,0.0,34.0194,45.3592,0.0,0.0,10.0,12.0
3,3,5,2,1,1,Smooth,Short,3,3,3,3,3,4,4,3,24-26 inches (male),23-25 inches (female),45-65 pounds,Info Not Available,11-12 years,"sociable,sweet,mellow",Hound group,American English Coonhound,https://www.akc.org/dog-breeds/american-english-coonhound/,60.96,66.04,58.42,63.5,20.41164,29.48348,0.0,0.0,11.0,12.0
5,5,3,3,3,1,Double,Medium,5,3,3,4,4,4,3,3,9-12 inches (toy),12-15 inches (miniature),6-10 pounds (toy),10-20 pounds (miniature),13-15 years,"Loyal,Smart,Versatile",Non-sporting group,American Eskimo Dog,https://www.akc.org/dog-breeds/american-eskimo-dog/,22.86,30.48,30.48,38.1,2.721552,4.53592,4.53592,9.07184,13.0,15.0
3,5,5,3,1,1,Smooth,Short,3,3,3,3,3,4,5,3,22-25 inches (male),21-24 inches (female),65-70 pounds (male),60-65 pounds (female),11-13 years,"independent,easy-going,sweet-tempered",Hound group,American Foxhound,https://www.akc.org/dog-breeds/american-foxhound/,55.88,63.5,53.34,60.96,29.48348,31.75144,27.215519999999998,29.48348,11.0,13.0
5,5,3,1,1,1,Hairless,Short,3,3,3,5,5,3,3,3,12-16 inches,Info Not Available,12-16 pounds,Info Not Available,14-16 years,"alert,curious,energetic",Terrier group,American Hairless Terrier,https://www.akc.org/dog-breeds/american-hairless-terrier/,30.48,40.64,0.0,0.0,5.443104,7.257472,0.0,0.0,14.0,16.0
3,5,5,3,1,1,Smooth,Short,1,3,5,5,3,4,5,5,22 - 27 males,21 - 25 females,45 - 75 lbs males,35 - 65 lbs females,12-15 years,"intelligent,sociable,energetic",Foundation stock service,American Leopard Hound,https://www.akc.org/dog-breeds/american-leopard-hound/,55.88,68.58,53.34,63.5,20.41164,34.0194,15.87572,29.48348,12.0,15.0
5,3,3,2,1,1,Smooth,Short,4,3,5,3,3,3,3,3,18-19 inches (male),17-18 inches (female),55-70 pounds (male),40-55 pounds (female),12-16 years,"good-natured,confident,smart",Terrier group,American Staffordshire Terrier,https://www.akc.org/dog-breeds/american-staffordshire-terrier/,45.72,48.26,43.18,45.72,24.94756,31.75144,18.14368,24.94756,12.0,16.0
3,3,3,1,3,1,Double Curly,Medium,3,3,3,3,5,3,3,3,15-18 inches,Info Not Available,30-45 pounds (male),25-40 pounds (female),10-14 years,"charming,eager,happy",Sporting group,American Water Spaniel,https://www.akc.org/dog-breeds/american-water-spaniel/,38.1,45.72,0.0,0.0,13.607759999999999,20.41164,11.3398,18.14368,10.0,14.0
1,3,3,3,2,1,Smooth,Short,1,3,5,3,2,3,3,3,29 inches (male),27 inches (female),110-150 pounds (male),80-120 pounds (female),11-13 years,"reserved,independent,loyal",Working group,Anatolian Shepherd Dog,https://www.akc.org/dog-breeds/anatolian-shepherd-dog/,73.66,73.66,68.58,68.58,49.89512,68.0388,36.28736,54.431039999999996,11.0,13.0
5,3,5,3,3,3,N A,Short,1,3,5,5,5,5,5,5,20 -22 inches,Info Not Available,48-70 pounds,Info Not Available,13-15 years,"versatile,agile,lively",Foundation stock service,Appenzeller Sennenhund,https://www.akc.org/dog-breeds/appenzeller-sennenhund/,50.8,55.88,0.0,0.0,21.772416,31.75144,0.0,0.0,13.0,15.0
3,3,3,3,1,1,Smooth Double,Short,3,3,4,3,4,5,1,4,18-20 inches (male),17-19 inches (female),35-50 pounds,Info Not Available,12-16 years,"Loyal,Intelligent,Tenacious",Herding group,Australian Cattle Dog,https://www.akc.org/dog-breeds/australian-cattle-dog/,45.72,50.8,43.18,48.26,15.87572,22.6796,0.0,0.0,12.0,16.0
3,3,3,3,1,1,Smooth Double,Short,3,3,4,3,4,5,1,4,17-20 inches,Info Not Available,35-50 lbs,Info Not Available,10-13 years,"alert,loyal,intelligent",Foundation stock service,Australian Kelpie,https://www.akc.org/dog-breeds/australian-kelpie/,43.18,50.8,0.0,0.0,15.87572,22.6796,0.0,0.0,10.0,13.0
3,5,3,3,2,1,Double,Medium,3,4,3,3,5,5,3,5,20-23 inches (male),18-21 inches (female),50-65 pounds (male),40-55 pounds (female),12-15 years,"smart,work-oriented,exuberant",Herding group,Australian Shepherd,https://www.akc.org/dog-breeds/australian-shepherd/,50.8,58.42,45.72,53.34,22.6796,29.48348,18.14368,24.94756,12.0,15.0
1,3,1,3,3,1,Double,Short,1,3,3,3,3,5,1,5,18-20 inches (males),17-19 inches (females),38-45 lbs (males),32-35 lbs (females),12-15 years,"alert,active,bidable",Foundation stock service,Australian Stumpy Tail Cattle Dog,https://www.akc.org/dog-breeds/australian-stumpy-tail-cattle-dog/,45.72,50.8,43.18,48.26,17.236496,20.41164,14.514944,15.87572,12.0,15.0
3,5,3,1,2,1,Wiry,Short,3,4,4,3,4,4,5,4,10-11 inches,Info Not Available,15-20 pounds,Info Not Available,11-15 years,"courageous,affectionate,spirited",Terrier group,Australian Terrier,https://www.akc.org/dog-breeds/australian-terrier/,25.4,27.94,0.0,0.0,6.8038799999999995,9.07184,0.0,0.0,11.0,15.0
3,3,3,2,2,1,Smooth,Short,1,3,3,3,2,3,1,3,25-29 inches (male),23.5-27.5 inches (female),44-55 pounds (male),33-44 pounds (female),12-15 years,"independent,loyal,deeply affectionate",Hound group,Azawakh,https://www.akc.org/dog-breeds/azawakh/,63.5,73.66,59.69,69.85,19.958047999999998,24.94756,14.968536,19.958047999999998,12.0,15.0
4,3,3,1,5,1,Curly Wavy,Medium Long,3,3,3,3,4,3,3,3,19-24.5 inches,Info Not Available,35-65 pounds,Info Not Available,12-14 years,"friendly,bright,sweet-natured",Sporting group,Barbet,https://www.akc.org/dog-breeds/barbet/,48.26,62.230000000000004,0.0,0.0,15.87572,29.48348,0.0,0.0,12.0,14.0
3,3,3,2,1,1,Smooth,Short,3,3,3,3,2,4,1,4,17 inches (male),16 inches (female),24 pounds (male),22 pounds (female),13-14 years,"independent,smart,poised",Hound group,Basenji,https://www.akc.org/dog-breeds/basenji/,43.18,43.18,40.64,40.64,10.886208,10.886208,9.979023999999999,9.979023999999999,13.0,14.0
3,5,5,3,1,1,Wiry Double,Medium,5,3,1,5,1,4,3,5,12.5-15.5 inches,Info Not Available,23-39 pounds,Info Not Available,13-16 years,"sociable,lively,smart",Foundation stock service,Basset Fauve de Bretagne,https://www.akc.org/dog-breeds/basset-fauve-de-bretagne/,31.75,39.37,0.0,0.0,10.432616,17.690088,0.0,0.0,13.0,16.0
3,5,5,2,3,4,Smooth,Short,3,3,3,3,3,2,4,3,up to 15 inches,Info Not Available,40-65 pounds,Info Not Available,12-13 years,"charming,patient,low-key",Hound group,Basset Hound,https://www.akc.org/dog-breeds/basset-hound/,38.1,38.1,0.0,0.0,18.14368,29.48348,0.0,0.0,12.0,13.0
3,5,5,3,2,1,Smooth,Short,3,4,2,4,3,4,4,4,13 inches & under,13-15 inches,under 20 pounds (13 inches & under),20-30 pounds (13-15 inches),10-15 years,"curious,friendly,merry",Hound group,Beagle,https://www.akc.org/dog-breeds/beagle/,33.02,33.02,33.02,38.1,9.07184,9.07184,9.07184,13.607759999999999,10.0,15.0
4,5,5,3,4,1,Silky,Long,4,4,3,4,3,4,5,3,21-22 inches (male),20-21 inches (female),45-55 pounds,Info Not Available,12-14 years,"smart,bouncy,charismatic",Herding group,Bearded Collie,https://www.akc.org/dog-breeds/bearded-collie/,53.34,55.88,50.8,53.34,20.41164,24.94756,0.0,0.0,12.0,14.0
3,3,3,4,3,1,Smooth Double,Short,2,3,4,3,3,5,3,3,25.5-27.5 inches (male),24-26.5 inches (female),70-110 pounds,Info Not Available,10-12 years,"faithful,gentle,obedient",Herding group,Beauceron,https://www.akc.org/dog-breeds/beauceron/,64.77,69.85,60.96,67.31,31.75144,49.89512,0.0,0.0,10.0,12.0
3,3,3,1,3,1,Curly,Medium,3,3,4,3,3,4,3,3,15-17.5 inches,Info Not Available,17-23 pounds,Info Not Available,11-16 years,"loyal,charming,frollicking",Terrier group,Bedlington Terrier,https://www.akc.org/dog-breeds/bedlington-terrier/,38.1,44.45,0.0,0.0,7.711064,10.432616,0.0,0.0,11.0,16.0
3,3,3,3,2,1,Wiry Rough,Medium,3,3,4,3,5,4,3,4,24-26 inches (male),22-24 inches (female),55-65 pounds,Info Not Available,10-12 years,"alert,intelligent,affectionate",Herding group,Belgian Laekenois,https://www.akc.org/dog-breeds/belgian-laekenois/,60.96,66.04,55.88,60.96,24.94756,29.48348,0.0,0.0,10.0,12.0
3,3,3,3,2,1,Smooth,Short,3,3,4,3,5,4,3,4,24-26 inches (male),22-24 inches (female),60-80 pounds (male),40-60 pounds (female),14-16 years,"confident,smart,hardworking",Herding group,Belgian Malinois,https://www.akc.org/dog-breeds/belgian-malinois/,60.96,66.04,55.88,60.96,27.215519999999998,36.28736,18.14368,27.215519999999998,14.0,16.0
3,3,3,3,2,1,Double,Medium,3,3,4,3,5,4,3,4,24-26 inches (male),22-24 inches (female),55-75 pounds (male),45-60 pounds (female),12-14 years,"bright,watchful,serious-minded",Herding group,Belgian Sheepdog,https://www.akc.org/dog-breeds/belgian-sheepdog/,60.96,66.04,55.88,60.96,24.94756,34.0194,20.41164,27.215519999999998,12.0,14.0
3,3,3,3,2,1,Double,Medium,3,3,4,3,5,4,3,4,24-26 inches (male),22-24 inches (female),55-75 pounds (male),45-60 pounds (female),12-14 years,"alert,intelligent,courageous",Herding group,Belgian Tervuren,https://www.akc.org/dog-breeds/belgian-tervuren/,60.96,66.04,55.88,60.96,24.94756,34.0194,20.41164,27.215519999999998,12.0,14.0
3,3,3,1,1,2,Corded,Long,3,3,4,3,3,3,1,3,23.5 inches (male),22 inches (female),70-84 pounds (male),57-71 pounds (female),13-15 years,"independent,intelligent,sociable",Herding group,Bergamasco Sheepdog,https://www.akc.org/dog-breeds/bergamasco-sheepdog/,59.69,59.69,55.88,55.88,31.75144,38.101728,25.854744,32.205032,13.0,15.0
3,3,3,3,1,1,Wiry,Medium,3,3,4,3,4,4,2,4,23.5-25.5 inches (male),21.5-23.5 inches (female),50-70 pounds,Info Not Available,12-13 years,"loyal,good-natured,observant",Herding group,Berger Picard,https://www.akc.org/dog-breeds/berger-picard/,59.69,64.77,54.61,59.69,22.6796,31.75144,0.0,0.0,12.0,13.0
5,5,5,5,3,3,Double,Medium,4,4,3,4,4,4,3,3,25-27.5 inches (male),23-26 inches (female),80-115 pounds (male),70-95 pounds (female),7-10 years,"good-natured,calm,strong",Working group,Bernese Mountain Dog,https://www.akc.org/dog-breeds/bernese-mountain-dog/,63.5,69.85,58.42,66.04,36.28736,52.16308,31.75144,43.09124,7.0,10.0
5,5,5,1,5,1,Double Curly,Long,5,4,2,4,4,4,3,3,9.5-11.5 inches,Info Not Available,12-18 pounds,Info Not Available,14-15 years,"curious,playful,peppy",Non-sporting group,Bichon Frise,https://www.akc.org/dog-breeds/bichon-frise/,24.13,29.21,0.0,0.0,5.443104,8.164656,0.0,0.0,14.0,15.0
5,3,5,1,3,1,Silky,Long,3,4,2,3,3,3,3,3,7-11 inches,Info Not Available,4-8 pounds,Info Not Available,16 years,"intelligent,devoted,amusing",Toy group,Biewer Terrier,https://www.akc.org/dog-breeds/biewer-terrier/,17.78,27.94,0.0,0.0,1.814368,3.628736,0.0,0.0,16.0,16.0
4,5,5,3,2,3,Smooth,Short,3,3,2,4,3,3,4,3,25-27 inches (male),23-25 inches (female),65-110 pounds,Info Not Available,10-12 years,"easy-going,bright,brave",Hound group,Black and Tan Coonhound,https://www.akc.org/dog-breeds/black-and-tan-coonhound/,63.5,68.58,58.42,63.5,29.48348,49.89512,0.0,0.0,10.0,12.0
3,3,3,3,4,3,Double Curly,Medium Long,2,3,5,4,4,4,3,4,27-30 inches (male),26-29 inches (female),80-130 pounds,Info Not Available,10-12 years,"intelligent,calm,powerful",Working group,Black Russian Terrier,https://www.akc.org/dog-breeds/black-russian-terrier/,68.58,76.2,66.04,73.66,36.28736,58.96696,0.0,0.0,10.0,12.0
4,3,3,3,2,5,Smooth,Short,3,3,2,3,4,3,5,3,25-27 inches (male),23-25 inches (female),90-110 pounds (male),80-100 pounds (female),10-12 years,"independent,friendly,inquisitive",Hound group,Bloodhound,https://www.akc.org/dog-breeds/bloodhound/,63.5,68.58,58.42,63.5,40.82328,49.89512,36.28736,45.3592,10.0,12.0
3,3,5,3,2,2,Smooth,Short,3,3,2,3,4,4,4,3,22-27 inches (male),21-25 inches (female),55-80 pounds (male),45-65 pounds (female),11-12 years,"devoted,smart,tenacious",Hound group,Bluetick Coonhound,https://www.akc.org/dog-breeds/bluetick-coonhound/,55.88,68.58,53.34,63.5,24.94756,36.28736,20.41164,29.48348,11.0,12.0
5,4,2,3,2,3,Smooth,Short,3,3,5,3,4,3,3,4,24-27 inches (male),22-25 inches (female),150-200 pounds,Info Not Available,9-11 years,"intelligent,confident,calm",Working group,Boerboel,https://www.akc.org/dog-breeds/boerboel/,60.96,68.58,55.88,63.5,68.0388,90.7184,0.0,0.0,9.0,11.0
5,5,3,3,2,2,Double Wavy,Medium,4,3,3,4,4,3,3,4,20.5-21.7 inches (males),19.3-20.5 inches (females),41-60 pounds (males),37-53 pounds (females),12-15 years,"friendly, devoted, alert and intelligent",Foundation stock service,Bohemian Shepherd,https://www.akc.org/dog-breeds/bohemian-shepherd/,52.07,55.118,49.022000000000006,52.07,18.597272,27.215519999999998,16.782904,24.040376,12.0,15.0
3,3,3,1,3,1,Wavy,Long,5,1,1,5,5,1,1,1,10-12 inches,Info Not Available,6-10 pounds,Info Not Available,12-14 years,"playful,easy-going,devoted",Foundation stock service,Bolognese,https://www.akc.org/dog-breeds/bolognese/,25.4,30.48,0.0,0.0,2.721552,4.53592,0.0,0.0,12.0,14.0
5,3,3,3,3,1,Double Wavy,Medium,4,5,3,5,5,5,4,5,19-22 inches (male),18-21 inches (female),30-55 pounds,Info Not Available,12-15 years,"energetic,affectionate,smart",Herding group,Border Collie,https://www.akc.org/dog-breeds/border-collie/,48.26,55.88,45.72,53.34,13.607759999999999,24.94756,0.0,0.0,12.0,15.0
4,5,3,2,2,1,Wiry,Short,4,4,3,4,4,3,3,3,12-15 inches,Info Not Available,13-15.5 pounds (male),11.5-14 pounds (female),12-15 years,"affectionate,happy,plucky",Terrier group,Border Terrier,https://www.akc.org/dog-breeds/border-terrier/,30.48,38.1,0.0,0.0,5.896696,7.030676,5.216308,6.350288,12.0,15.0
3,3,3,3,2,1,Curly Silky,Medium,3,3,3,3,2,4,2,4,28 inches & up (male),26 inches & up (female),75-105 pounds (male),60-85 pounds (female),9-14 years,"loyal,affectionate,regally dignified",Hound group,Borzoi,https://www.akc.org/dog-breeds/borzoi/,71.12,71.12,66.04,66.04,34.0194,47.627159999999996,27.215519999999998,38.55532,9.0,14.0
5,5,4,2,2,1,Smooth,Short,5,5,3,3,4,4,2,3,15-17 inches,Info Not Available,12-25 pounds,Info Not Available,11-13 years,"friendly,bright,amusing",Non-sporting group,Boston Terrier,https://www.akc.org/dog-breeds/boston-terrier/,38.1,43.18,0.0,0.0,5.443104,11.3398,0.0,0.0,11.0,13.0
3,3,3,3,4,2,Rough Double,Medium,3,3,4,3,4,4,3,3,24.5-27.5 inches (male),23.5-26.5 inches (female),70-110 pounds,Info Not Available,10-12 years,"strong-willed,courageous,affectionate",Herding group,Bouvier des Flandres,https://www.akc.org/dog-breeds/bouvier-des-flandres/,62.230000000000004,69.85,59.69,67.31,31.75144,49.89512,0.0,0.0,10.0,12.0
4,5,3,2,2,3,Smooth,Short,4,4,4,3,4,4,3,4,23-25 inches (male),21.5-23.5 inches (female),65-80 pounds (male),females are about 15 pounds less than male,10-12 years,"active,bright,fun-loving",Working group,Boxer,https://www.akc.org/dog-breeds/boxer/,58.42,63.5,54.61,59.69,29.48348,36.28736,6.8038799999999995,6.8038799999999995,10.0,12.0
3,5,5,3,3,1,Double Wavy,Medium,3,4,3,4,4,4,3,3,15.5-18 inches (male),14-16.5 inches (female),30-40 pounds (male),25-35 pounds (female),10-15 years,"friendly,eager,lovable",Sporting group,Boykin Spaniel,https://www.akc.org/dog-breeds/boykin-spaniel/,39.37,45.72,35.56,41.910000000000004,13.607759999999999,18.14368,11.3398,15.87572,10.0,15.0
3,4,4,2,1,2,Smooth,Short,3,3,3,3,5,4,2,3,21-27 inches,Info Not Available,55-90 pounds,Info Not Available,10-14 years,"intelligent,affectionate,enthusiastic",Sporting group,Bracco Italiano,https://www.akc.org/dog-breeds/bracco-italiano/,53.34,68.58,0.0,0.0,24.94756,40.82328,0.0,0.0,10.0,14.0
3,3,4,2,1,2,Smooth,Short,3,3,3,3,5,4,2,3,19-22.5 inches,Info Not Available,35-53 pounds,Info Not Available,10-12 years,"affectionate,gentle,adaptable",Foundation stock service,Braque du Bourbonnais,https://www.akc.org/dog-breeds/braque-du-bourbonnais/,48.26,57.15,0.0,0.0,15.87572,24.040376,0.0,0.0,10.0,12.0
3,5,5,3,1,2,Smooth,Short,3,3,3,3,3,5,3,3,18.5-23 inches,Info Not Available,40-55 pounds,Info Not Available,12-15 years,"friendly,smart,willing to please",Foundation stock service,Braque Francais Pyrenean,https://www.akc.org/dog-breeds/braque-francais-pyrenean/,46.99,58.42,0.0,0.0,18.14368,24.94756,0.0,0.0,12.0,15.0
3,3,3,1,4,2,Double Wavy,Long,3,3,4,3,3,3,1,3,23-27 inches (male),22-25.5 inches (female),55-100 pounds,Info Not Available,12 years,"confident,smart,faithful",Herding group,Briard,https://www.akc.org/dog-breeds/briard/,58.42,68.58,55.88,64.77,24.94756,45.3592,0.0,0.0,12.0,12.0
3,4,4,3,3,1,Double Wavy,Short,3,4,3,3,5,5,3,4,17.5-20.5 inches,Info Not Available,30-40 pounds,Info Not Available,12-14 years,"bright,fun-loving,upbeat",Sporting group,Brittany,https://www.akc.org/dog-breeds/brittany/,44.45,52.07,0.0,0.0,13.607759999999999,18.14368,0.0,0.0,12.0,14.0
3,3,3,3,1,3,Smooth,Short,3,3,4,3,3,2,1,3,27.5-29.5 inches,Info Not Available,90-150 pounds,Info Not Available,8-10 years,"friendly,loving,watchful",Foundation stock service,Broholmer,https://www.akc.org/dog-breeds/broholmer/,69.85,74.93,0.0,0.0,40.82328,68.0388,0.0,0.0,8.0,10.0
4,3,3,3,3,1,Wiry Smooth Double,Short Medium,4,4,3,4,4,3,4,3,7-10 inches,Info Not Available,8-10 pounds,Info Not Available,12-15 years,"alert,curious,loyal",Toy group,Brussels Griffon,https://www.akc.org/dog-breeds/brussels-griffon/,17.78,25.4,0.0,0.0,3.628736,4.53592,0.0,0.0,12.0,15.0
4,3,1,3,2,1,Smooth,Short,4,4,3,3,3,4,3,4,21-22 inches,Info Not Available,50-70 pounds,Info Not Available,12-13 years,"playful,charming,mischievous",Terrier group,Bull Terrier,https://www.akc.org/dog-breeds/bull-terrier/,53.34,55.88,0.0,0.0,22.6796,31.75144,0.0,0.0,12.0,13.0
4,3,3,3,3,3,Smooth,Short,4,4,3,3,4,3,2,3,14-15 inches,Info Not Available,50 pounds (male),40 pounds (female),8-10 years,"friendly,courageous,calm",Non-sporting group,Bulldog,https://www.akc.org/dog-breeds/bulldog/,35.56,38.1,0.0,0.0,22.6796,22.6796,18.14368,18.14368,8.0,10.0
4,3,3,3,1,3,Smooth,Short,3,3,5,3,4,4,1,4,25-27 inches (male),24-26 inches (female),110-130 pounds (male),100-120 pounds (female),7-9 years,"loyal,affectionate,brave",Working group,Bullmastiff,https://www.akc.org/dog-breeds/bullmastiff/,63.5,68.58,60.96,66.04,49.89512,58.96696,45.3592,54.431039999999996,7.0,9.0
4,3,3,2,2,1,Wiry Double,Medium,3,4,4,3,3,3,4,3,10 inches (male),9.5 inches (female),14 pounds (male),13 pounds (female),13-15 years,"alert,cheerful,busy",Terrier group,Cairn Terrier,https://www.akc.org/dog-breeds/cairn-terrier/,25.4,25.4,24.13,24.13,6.350288,6.350288,5.896696,5.896696,13.0,15.0
3,3,3,4,2,1,Smooth Double,Short,3,3,4,3,4,3,5,3,20-24 inches (male),19-23 inches (female),45-55 pounds (male),35-45 pounds (female),12-15 years,"alert,vigilant,confident",Herding group,Canaan Dog,https://www.akc.org/dog-breeds/canaan-dog/,50.8,60.96,48.26,58.42,20.41164,24.94756,15.87572,20.41164,12.0,15.0
4,3,3,2,1,3,Smooth,Short,3,3,5,3,4,4,3,3,25-27.5 inches (male),23.5-26 inches (female),Proportionate to height,Info Not Available,9-12 years,"intelligent,affectionate,majestic",Working group,Cane Corso,https://www.akc.org/dog-breeds/cane-corso/,63.5,69.85,59.69,66.04,0.0,0.0,0.0,0.0,9.0,12.0
4,4,3,3,2,1,Double,Medium,4,4,3,3,4,4,5,4,10.5-12.5 inches,Info Not Available,30-38 pounds (male),25-34 pounds (female),12-15 years,"loyal,affectionate,smart",Herding group,Cardigan Welsh Corgi,https://www.akc.org/dog-breeds/cardigan-welsh-corgi/,26.67,31.75,0.0,0.0,13.607759999999999,17.236496,11.3398,15.422128,12.0,15.0
3,3,3,3,1,2,Smooth,Short,3,3,3,3,3,3,3,3,17.75-19.5 inches,Info Not Available,30-55 pounds,Info Not Available,years,"independent,loyal,reserved with strangers",Foundation stock service,Carolina Dog,https://www.akc.org/dog-breeds/carolina-dog/,45.085,49.53,0.0,0.0,13.607759999999999,24.94756,0.0,0.0,0.0,0.0
4,3,3,3,2,2,Smooth,Short,3,3,4,3,4,5,1,4,22-24 inches,Info Not Available,50-95 pounds,Info Not Available,10-14 years,"independent,loyal,watchful",Foundation stock service,Catahoula Leopard Dog,https://www.akc.org/dog-breeds/catahoula-leopard-dog/,55.88,60.96,0.0,0.0,22.6796,43.09124,0.0,0.0,10.0,14.0
3,3,2,4,3,4,Double,Medium,2,2,5,3,3,3,2,3,23-30 inches,Info Not Available,99-170 pounds,Info Not Available,10-12 years,"fearless,bold,kind",Foundation stock service,Caucasian Shepherd Dog,https://www.akc.org/dog-breeds/caucasian-shepherd-dog/,58.42,76.2,0.0,0.0,44.905608,77.11064,0.0,0.0,10.0,12.0
5,5,5,2,2,2,Wavy Silky,Medium,4,3,3,3,4,3,3,3,12-13 inches,Info Not Available,13-18 pounds,Info Not Available,12-15 years,"affectionate,gentle,graceful",Toy group,Cavalier King Charles Spaniel,https://www.akc.org/dog-breeds/cavalier-king-charles-spaniel/,30.48,33.02,0.0,0.0,5.896696,8.164656,0.0,0.0,12.0,15.0
3,3,3,3,1,3,Double,Medium,1,3,5,4,4,3,3,3,Minimum: 25.5-27.5 inches,Info Not Available,Minimum: 88-110 pounds,Info Not Available,years,"independent,courageous,self-confident",Foundation stock service,Central Asian Shepherd Dog,https://www.akc.org/dog-breeds/central-asian-shepherd-dog/,64.77,69.85,0.0,0.0,39.916095999999996,49.89512,0.0,0.0,0.0,0.0
4,5,3,2,2,1,Wavy Silky,Medium,4,3,3,4,3,3,3,3,10-13 inches,Info Not Available,14-24 pounds,Info Not Available,12-15 years,"clever,adventurous,family-oriented",Terrier group,Cesky Terrier,https://www.akc.org/dog-breeds/cesky-terrier/,25.4,33.02,0.0,0.0,6.350288,10.886208,0.0,0.0,12.0,15.0
4,3,3,3,3,2,Wiry Wavy,Medium,3,3,4,4,5,4,3,4,23-26 inches (male),21-24 inches (female),65-80 pounds (male),55-70 pounds (female),10-13 years,"bright,affectionate,sensitive",Sporting group,Chesapeake Bay Retriever,https://www.akc.org/dog-breeds/chesapeake-bay-retriever/,58.42,66.04,53.34,60.96,29.48348,36.28736,24.94756,31.75144,10.0,13.0
4,1,3,2,1,1,Smooth,Short Medium,2,4,4,4,3,4,5,3,5-8 inches,Info Not Available,not exceeding 6 pounds,Info Not Available,14-16 years,"charming,graceful,sassy",Toy group,Chihuahua,https://www.akc.org/dog-breeds/chihuahua/,12.7,20.32,0.0,0.0,2.721552,2.721552,0.0,0.0,14.0,16.0
4,3,3,1,2,1,Hairless Silky,Short Medium,4,3,3,4,4,3,3,3,11-13 inches,Info Not Available,8-12 pounds,Info Not Available,13-18 years,"alert,lively,affectionate",Toy group,Chinese Crested,https://www.akc.org/dog-breeds/chinese-crested/,27.94,33.02,0.0,0.0,3.628736,5.443104,0.0,0.0,13.0,18.0
4,3,3,3,1,3,Smooth,Short,3,3,4,4,3,3,3,3,18-20 inches,Info Not Available,45-60 pounds,Info Not Available,8-12 years,"independent,loyal,calm",Non-sporting group,Chinese Shar-Pei,https://www.akc.org/dog-breeds/chinese-shar-pei/,45.72,50.8,0.0,0.0,20.41164,27.215519999999998,0.0,0.0,8.0,12.0
4,5,5,3,3,1,Smooth,Medium,3,3,4,4,4,3,5,3,24-26 inches (male),22-24 inches (female),55-90 pounds (male),50-65 pounds (female),12-15 years,"devoted,smart,patient",Working group,Chinook,https://www.akc.org/dog-breeds/chinook/,60.96,66.04,55.88,60.96,24.94756,40.82328,22.6796,29.48348,12.0,15.0
4,3,2,3,3,3,Smooth Rough Double,Medium,2,3,5,3,3,3,1,3,17-20 inches,Info Not Available,45-70 pounds,Info Not Available,8-12 years,"dignified,bright,serious-minded",Non-sporting group,Chow Chow,https://www.akc.org/dog-breeds/chow-chow/,43.18,50.8,0.0,0.0,20.41164,31.75144,0.0,0.0,8.0,12.0
4,3,4,1,1,1,Smooth,Short,3,4,3,4,4,3,2,3,18-19.5 inches (male),16.5-18 inches (female),22-26 pounds (male),17-22 pounds (female),12-14 years,"independent,friendly,affectionate",Hound group,Cirneco dellâEtna,https://www.akc.org/dog-breeds/cirneco-delletna/,45.72,49.53,41.910000000000004,45.72,9.979023999999999,11.793392,7.711064,9.979023999999999,12.0,14.0
4,3,3,3,2,4,Wavy Silky,Medium,4,3,3,4,4,3,1,3,18-20 inches (male),17-19 inches (female),70-85 pounds (male),55-70 pounds (female),10-12 years,"mellow,amusing,gentlemanly",Sporting group,Clumber Spaniel,https://www.akc.org/dog-breeds/clumber-spaniel/,45.72,50.8,43.18,48.26,31.75144,38.55532,24.94756,31.75144,10.0,12.0
4,5,5,3,4,2,Double Silky,Long,4,3,3,4,4,4,3,3,14.5-15.5 inches (male),13.5-14.5 inches (female),25-30 pounds (male),20-25 pounds (female),10-14 years,"smart,happy,gentle",Sporting group,Cocker Spaniel,https://www.akc.org/dog-breeds/cocker-spaniel/,36.83,39.37,34.29,36.83,11.3398,13.607759999999999,9.07184,11.3398,10.0,14.0
4,5,3,3,3,2,Smooth Rough,Short Long,3,4,3,4,4,3,5,3,24-26 inches (male),22-24 inches (female),60-75 pounds (male),50-65 pounds (female),12-14 years,"devoted,proud,graceful",Herding group,Collie,https://www.akc.org/dog-breeds/collie/,60.96,66.04,55.88,60.96,27.215519999999998,34.0194,22.6796,29.48348,12.0,14.0
5,5,5,2,4,1,Double Wavy,Long,5,4,3,4,4,3,1,3,10-11 inches (male),9-10 inches (female),9-15 pounds (male),8-13 pounds (female),15-19 years,"charming,bright,happy-go-lucky",Non-sporting group,Coton de Tulear,https://www.akc.org/dog-breeds/coton-de-tulear/,25.4,27.94,22.86,25.4,4.082328,6.8038799999999995,3.628736,5.896696,15.0,19.0
3,3,3,2,1,3,Double Wavy,Medium,2,3,5,2,3,3,3,3,16-20 inches,Info Not Available,29-44 pounds,Info Not Available,13-14 years,"loyal,active,alert and intelligent",Foundation stock service,Croatian Sheepdog,https://www.akc.org/dog-breeds/croatian-sheepdog/,40.64,50.8,0.0,0.0,13.154168,19.958047999999998,0.0,0.0,13.0,14.0
5,5,3,2,1,1,Double Curly,Short,3,4,4,4,4,4,3,3,25-27 inches (male),23-25 inches (female),60-95 pounds,Info Not Available,10-12 years,"confident,proud,wickedly smart",Sporting group,Curly-Coated Retriever,https://www.akc.org/dog-breeds/curly-coated-retriever/,63.5,68.58,58.42,63.5,27.215519999999998,43.09124,0.0,0.0,10.0,12.0
5,3,3,3,1,1,N A,Medium,1,1,5,1,1,5,1,5,Minimum: 25.5 males; 23.5 females,Info Not Available,Minimum: 57 males; 44 females,Info Not Available,12-16 years,"loyal,intelligent,active",Foundation stock service,Czechoslovakian Vlcak,https://www.akc.org/dog-breeds/czechoslovakian-vlcak/,64.77,64.77,0.0,0.0,25.854744,25.854744,0.0,0.0,12.0,16.0
5,3,4,2,2,2,Smooth,Short Medium,4,4,4,4,4,3,5,3,8-9 inches (standard),5-6 inches (miniature),16-32 pounds (standard),11 pounds & under (miniature),12-16 years,"curious,friendly,spunky",Hound group,Dachshund,https://www.akc.org/dog-breeds/dachshund/,20.32,22.86,12.7,15.24,7.257472,14.514944,4.9895119999999995,4.9895119999999995,12.0,16.0
5,3,3,4,2,2,Smooth,Short,4,4,4,4,4,4,3,4,19-24 inches,Info Not Available,45-70 pounds,Info Not Available,11-13 years,"dignified,outgoing,smart",Non-sporting group,Dalmatian,https://www.akc.org/dog-breeds/dalmatian/,48.26,60.96,0.0,0.0,20.41164,31.75144,0.0,0.0,11.0,13.0
4,3,3,2,3,1,Double,Medium,4,3,4,3,4,3,3,3,8-11 inches,Info Not Available,18-24 pounds,Info Not Available,12-15 years,"independent,proud,smart",Terrier group,Dandie Dinmont Terrier,https://www.akc.org/dog-breeds/dandie-dinmont-terrier/,20.32,27.94,0.0,0.0,8.164656,10.886208,0.0,0.0,12.0,15.0
5,5,5,2,1,1,Smooth,Short,5,4,4,4,4,4,3,4,12.5-14.5 inches,Info Not Available,15-20 pounds,Info Not Available,11-13 years,"energetic,trainable,attentive",Miscellaneous class,Danish-Swedish Farmdog,https://www.akc.org/dog-breeds/danish-swedish-farmdog/,31.75,36.83,0.0,0.0,6.8038799999999995,9.07184,0.0,0.0,11.0,13.0
4,5,3,2,2,2,Double Wavy,Medium,3,3,3,3,4,3,3,3,18-21 inches,Info Not Available,40-55 pounds,Info Not Available,12-14 years,"friendly,versatile,determined",Foundation stock service,Deutscher Wachtelhund,https://www.akc.org/dog-breeds/deutscher-wachtelhund/,45.72,53.34,0.0,0.0,18.14368,24.94756,0.0,0.0,12.0,14.0
5,5,3,4,1,2,Smooth,Short,4,4,5,4,5,5,3,4,26-28 inches (male),24-26 inches (female),75-100 pounds (male),60-90 pounds (female),10-12 years,"alert,loyal,fearless",Working group,Doberman Pinscher,https://www.akc.org/dog-breeds/doberman-pinscher/,66.04,71.12,60.96,66.04,34.0194,45.3592,27.215519999999998,40.82328,10.0,12.0
5,3,3,4,1,3,Smooth,Short,4,4,5,4,5,5,3,4,24-26.5 inches (male),24-25.5 inches (female),80-100 pounds,Info Not Available,9-15 years,"loyal,courageous,athletic",Working group,Dogo Argentino,https://www.akc.org/dog-breeds/dogo-argentino/,60.96,67.31,60.96,64.77,36.28736,45.3592,0.0,0.0,9.0,15.0
5,3,3,4,1,5,Smooth,Short,3,3,5,4,4,3,3,4,23.27 inches (male),23-26 inches (female),110 pounds & up (male),99 pounds & up (female),5-8 years,"loyal,courageous,affectionate",Working group,Dogue de Bordeaux,https://www.akc.org/dog-breeds/dogue-de-bordeaux/,59.1058,59.1058,58.42,66.04,49.89512,49.89512,44.905608,44.905608,5.0,8.0
3,5,5,3,3,1,N A,Medium,3,3,1,3,5,3,1,5,23-25 (males),21.5 - 23.5 (females),70-73 (males),55-60 (females),11-14 years,"loyal,intelligent,friendly",Foundation stock service,Drentsche Patrijshond,https://www.akc.org/dog-breeds/drentsche-patrijshond/,58.42,63.5,54.61,59.69,31.75144,33.112216,24.94756,27.215519999999998,11.0,14.0
5,5,5,3,1,2,Double,Short,4,4,3,5,5,4,4,4,12-15 inches,Info Not Available,35-40 pounds,Info Not Available,15 years,"loyal,determined,even-tempered",Foundation stock service,Drever,https://www.akc.org/dog-breeds/drever/,30.48,38.1,0.0,0.0,15.87572,18.14368,0.0,0.0,15.0,15.0
5,3,3,3,2,2,Double,Short,3,4,5,4,5,5,2,5,21.5-24.5 inches,Info Not Available,42-75 pounds,Info Not Available,11-14 years,"intelligent,lively,athletic",Miscellaneous class,Dutch Shepherd,https://www.akc.org/dog-breeds/dutch-shepherd/,54.61,62.230000000000004,0.0,0.0,19.050864,34.0194,0.0,0.0,11.0,14.0
5,5,5,3,3,2,Double,Medium Long,4,3,3,4,4,3,3,4,16-17 inches (male),15-16 inches (female),28-34 pounds (male),26-32 pounds (female),12-14 years,"energetic,merry,responsive",Sporting group,English Cocker Spaniel,https://www.akc.org/dog-breeds/english-cocker-spaniel/,40.64,43.18,38.1,40.64,12.700576,15.422128,11.793392,14.514944,12.0,14.0
5,5,5,3,1,2,Double,Short,4,4,3,4,4,4,5,4,24 inches,Info Not Available,60-75 pounds,Info Not Available,10-13 years,"sociable,affectionate,gentle",Hound group,English Foxhound,https://www.akc.org/dog-breeds/english-foxhound/,60.96,60.96,0.0,0.0,27.215519999999998,34.0194,0.0,0.0,10.0,13.0
5,4,4,3,3,3,Double Silky,Medium,4,4,3,4,4,3,3,4,25-27 inches (male),23-25 inches (female),65-80 pounds (male),45-55 pounds (female),12 years,"friendly,mellow,merry",Sporting group,English Setter,https://www.akc.org/dog-breeds/english-setter/,63.5,68.58,58.42,63.5,29.48348,36.28736,20.41164,24.94756,12.0,12.0
5,3,4,3,2,3,Double,Medium,4,4,3,4,5,4,3,4,20 inches (male),19 inches (female),50 pounds (male),40 pounds (female),12-14 years,"friendly,playful,obedient",Sporting group,English Springer Spaniel,https://www.akc.org/dog-breeds/english-springer-spaniel/,50.8,50.8,48.26,48.26,22.6796,22.6796,18.14368,18.14368,12.0,14.0
5,5,5,3,3,2,Double Silky,Medium,3,4,3,4,3,3,2,3,9-10 inches,Info Not Available,8-14 pounds,Info Not Available,10-12 years,"intelligent,playful,gentle",Toy group,English Toy Spaniel,https://www.akc.org/dog-breeds/english-toy-spaniel/,22.86,25.4,0.0,0.0,3.628736,6.350288,0.0,0.0,10.0,12.0
5,3,5,3,1,2,Smooth,Short,3,3,5,4,3,5,3,4,17-21 inches (male),16-20 inches (female),50-65 pounds (male),40-55 pounds (female),11-13 years,"loyal,smart,enthusiastic",Herding group,Entlebucher Mountain Dog,https://www.akc.org/dog-breeds/entlebucher-mountain-dog/,43.18,53.34,40.64,50.8,22.6796,29.48348,18.14368,24.94756,11.0,13.0
5,5,3,3,2,4,Double Wavy,Long,2,3,5,3,4,3,3,3,24.5-29 inches,Info Not Available,77-132 pounds,Info Not Available,10-14 years,"alert,intelligent,brave",Foundation stock service,Estrela Mountain Dog,https://www.akc.org/dog-breeds/estrela-mountain-dog/,62.230000000000004,73.66,0.0,0.0,34.926584,59.874144,0.0,0.0,10.0,14.0
4,4,3,3,3,2,Double,Medium,2,3,3,3,4,3,3,4,19-24 inches,Info Not Available,40-70 pounds,Info Not Available,12-16 years,"confident,calm,family-oriented",Foundation stock service,Eurasier,https://www.akc.org/dog-breeds/eurasier/,48.26,60.96,0.0,0.0,18.14368,31.75144,0.0,0.0,12.0,16.0
5,5,4,3,2,2,Smooth Wavy,Medium,4,3,3,4,5,3,3,3,18 inches (male),17 inches (female),35-50 pounds,Info Not Available,12-13 years,"sweet,fun-loving,sensitive",Sporting group,Field Spaniel,https://www.akc.org/dog-breeds/field-spaniel/,45.72,45.72,43.18,43.18,15.87572,22.6796,0.0,0.0,12.0,13.0
5,4,3,4,2,2,Double,Medium,4,3,3,4,4,3,5,3,18-21 inches (male),16-19 inches (female),33-53 pounds,Info Not Available,12-15 years,"alert,friendly,agile",Herding group,Finnish Lapphund,https://www.akc.org/dog-breeds/finnish-lapphund/,45.72,53.34,40.64,48.26,14.968536,24.040376,0.0,0.0,12.0,15.0
5,5,4,3,2,2,Double,Medium,3,3,3,4,3,5,5,4,17.5-20 inches (male),15.5-18 inches (female),25-33 pounds (male),20-28 pounds (female),13-15 years,"good-natured,friendly,lively",Non-sporting group,Finnish Spitz,https://www.akc.org/dog-breeds/finnish-spitz/,44.45,50.8,39.37,45.72,11.3398,14.968536,9.07184,12.700576,13.0,15.0
5,5,5,3,2,2,Smooth,Medium,5,5,3,5,5,5,3,4,23-24.5 inches (male),22-23.5 inches (female),60-70 pounds,Info Not Available,8-10 years,"cheerful,optimistic,good-humored",Sporting group,Flat-Coated Retriever,https://www.akc.org/dog-breeds/flat-coated-retriever/,58.42,62.230000000000004,55.88,59.69,27.215519999999998,31.75144,0.0,0.0,8.0,10.0
5,5,4,3,1,3,Smooth,Short,5,5,3,5,4,3,1,3,11-13 inches,Info Not Available,under 28 pounds,Info Not Available,10-12 years,"playful,smart,adaptable",Non-sporting group,French Bulldog,https://www.akc.org/dog-breeds/french-bulldog/,27.94,33.02,0.0,0.0,12.700576,12.700576,0.0,0.0,10.0,12.0
5,5,5,3,1,2,Smooth,Medium,5,4,3,5,5,4,3,5,21.5-24 inches,Info Not Available,50-60 pounds,Info Not Available,10-12 years,"intelligent,sociable,gentle",Foundation stock service,French Spaniel,https://www.akc.org/dog-breeds/french-spaniel/,54.61,60.96,0.0,0.0,22.6796,27.215519999999998,0.0,0.0,10.0,12.0
5,5,4,3,1,2,Double,Medium,4,4,3,4,5,4,3,4,22-28 inches,Info Not Available,55-80 pounds,Info Not Available,12-14 years,"versatile,calm,family-oriented",Foundation stock service,German Longhaired Pointer,https://www.akc.org/dog-breeds/german-longhaired-pointer/,55.88,71.12,0.0,0.0,24.94756,36.28736,0.0,0.0,12.0,14.0
5,3,3,3,1,1,Smooth,Short,3,4,4,3,5,5,3,4,17-20 inches,Info Not Available,25-45 pounds,Info Not Available,12-14 years,"intelligent,courageous,vivacious",Working group,German Pinscher,https://www.akc.org/dog-breeds/german-pinscher/,43.18,50.8,0.0,0.0,11.3398,20.41164,0.0,0.0,12.0,14.0
5,5,3,4,2,2,Double,Medium,3,4,5,5,5,5,3,5,24-26 inches (male),22-24 inches (female),65-90 pounds (male),50-70 pounds (female),7-10 years,"courageous,confident,smart",Herding group,German Shepherd Dog,https://www.akc.org/dog-breeds/german-shepherd-dog/,60.96,66.04,55.88,60.96,29.48348,40.82328,22.6796,31.75144,7.0,10.0
5,5,4,3,2,2,Smooth,Short,4,4,4,4,5,5,3,5,23-25 inches (male),21-23 inches (female),55-70 pounds (male),45-60 pounds (female),10-12 years,"friendly,smart,willing to please",Sporting group,German Shorthaired Pointer,https://www.akc.org/dog-breeds/german-shorthaired-pointer/,58.42,63.5,53.34,58.42,24.94756,31.75144,20.41164,27.215519999999998,10.0,12.0
1,3,3,3,3,1,N A,N A,1,4,3,3,5,3,5,5,Toy 8 - 12,Med 12-16,Toy 10-11 lbs,Med 15 - 25 lbs,13-15 years,"active,devoted,smart",Foundation stock service,German Spitz,https://www.akc.org/dog-breeds/german-spitz/,20.32,30.48,30.48,40.64,4.53592,4.9895119999999995,6.8038799999999995,11.3398,13.0,15.0
5,3,3,2,2,2,Wiry Double,Medium,4,4,3,4,5,5,3,4,24-26 inches (male),minimum 22 inches (female),50-70 pounds,Info Not Available,14-16 years,"affectionate,eager,enthusiastic",Sporting group,German Wirehaired Pointer,https://www.akc.org/dog-breeds/german-wirehaired-pointer/,60.96,66.04,55.88,55.88,22.6796,31.75144,0.0,0.0,14.0,16.0
5,3,3,3,4,2,Wiry Double,Medium,3,4,5,4,5,5,3,4,25.5-27.5 inches (male),23.5-25.5 inches (female),60-85 pounds (male),55-75 pounds (female),12-15 years,"alert,loyal,trainable",Working group,Giant Schnauzer,https://www.akc.org/dog-breeds/giant-schnauzer/,64.77,69.85,59.69,64.77,27.215519999999998,38.55532,24.94756,34.0194,12.0,15.0
5,3,3,2,3,2,Wiry,Medium,3,3,3,4,3,3,2,3,12.5-14 inches,Info Not Available,32-40 pounds,Info Not Available,10-15 years,"spirited,gentle,bold",Terrier group,Glen of Imaal Terrier,https://www.akc.org/dog-breeds/glen-of-imaal-terrier/,31.75,35.56,0.0,0.0,14.514944,18.14368,0.0,0.0,10.0,15.0
5,5,5,4,2,2,Double,Medium,5,4,3,5,5,3,1,4,23-24 inches (male),21.5-22.5 inches (female),65-75 pounds (male),55-65 pounds (female),10-12 years,"intelligent,friendly,devoted",Sporting group,Golden Retriever,https://www.akc.org/dog-breeds/golden-retriever/,58.42,60.96,54.61,57.15,29.48348,34.0194,24.94756,29.48348,10.0,12.0
5,3,3,3,2,4,Double,Medium,3,3,4,4,5,5,3,4,24-27 inches (male),23-26 inches (female),55-80 pounds (male),45-70 pounds (female),12-13 years,"confident,affectionate,bold",Sporting group,Gordon Setter,https://www.akc.org/dog-breeds/gordon-setter/,60.96,68.58,58.42,66.04,24.94756,36.28736,20.41164,31.75144,12.0,13.0
5,3,4,3,2,2,Wiry Double,Medium,5,4,3,4,3,5,4,4,15.5-18 inches,Info Not Available,40-45 pounds,Info Not Available,13-15 years,"independent,outgoing,happy",Hound group,Grand Basset Griffon VendÃ©en,https://www.akc.org/dog-breeds/grand-basset-griffon-vendeen/,39.37,45.72,0.0,0.0,18.14368,20.41164,0.0,0.0,13.0,15.0
5,3,3,3,1,4,Smooth,Short,3,4,5,4,3,4,3,4,30-32 inches (male),28-30 inches (female),140-175 pounds (male),110-140 pounds (female),7-10 years,"friendly,patient,dependable",Working group,Great Dane,https://www.akc.org/dog-breeds/great-dane/,76.2,81.28,71.12,76.2,63.50288,79.3786,49.89512,63.50288,7.0,10.0
5,3,3,3,2,3,Double,Medium,3,3,5,3,3,3,3,3,27-32 inches (male),25-29 inches (female),100 pounds & up (male),85 pounds & up (female),10-12 years,"smart,patient,calm",Working group,Great Pyrenees,https://www.akc.org/dog-breeds/great-pyrenees/,68.58,81.28,63.5,73.66,45.3592,45.3592,38.55532,38.55532,10.0,12.0
5,5,3,3,2,3,Smooth,Short,5,4,4,3,4,4,3,4,25.5-28.5 inches (male),23.7-27 inches (female),115-140 pounds (male),85-110 pounds (female),8-11 years,"faithful,family-oriented,dependable",Working group,Greater Swiss Mountain Dog,https://www.akc.org/dog-breeds/greater-swiss-mountain-dog/,64.77,72.39,60.198,68.58,52.16308,63.50288,38.55532,49.89512,8.0,11.0
4,3,4,2,1,1,Smooth,Short,3,3,3,4,3,4,3,3,28-30 inches (male),27-28 inches (female),65-70 pounds (male),60-65 pounds (female),10-13 years,"independent,gentle,noble",Hound group,Greyhound,https://www.akc.org/dog-breeds/greyhound/,71.12,76.2,68.58,71.12,29.48348,31.75144,27.215519999999998,29.48348,10.0,13.0
5,5,3,3,2,2,Smooth,Short,5,4,4,3,4,4,3,4,19-24 inches,Info Not Available,40-75 pounds,Info Not Available,14-17 years,"versatile,agile,regal",Foundation stock service,Hamiltonstovare,https://www.akc.org/dog-breeds/hamiltonstovare/,48.26,60.96,0.0,0.0,18.14368,34.0194,0.0,0.0,14.0,17.0
3,3,5,3,2,2,Smooth,Short,3,3,2,3,4,4,4,3,19-21 inches,Info Not Available,79-99 pounds,Info Not Available,10-14 years,"independent,loyal,calm",Foundation stock service,Hanoverian Scenthound,https://www.akc.org/dog-breeds/hanoverian-scenthound/,48.26,53.34,0.0,0.0,35.833768,44.905608,0.0,0.0,10.0,14.0
5,5,5,3,1,2,Double,Short,4,4,3,4,4,4,5,4,19-21 inches,Info Not Available,45-60 pounds,Info Not Available,12-15 years,"friendly,outgoing,people-oriented",Hound group,Harrier,https://www.akc.org/dog-breeds/harrier/,48.26,53.34,0.0,0.0,20.41164,27.215519999999998,0.0,0.0,12.0,15.0
5,5,5,2,3,1,Double Silky,Long,5,5,3,5,4,3,4,3,8.5-11.5 inches,Info Not Available,7-13 pounds,Info Not Available,14-16 years,"intelligent,outgoing,funny",Toy group,Havanese,https://www.akc.org/dog-breeds/havanese/,21.59,29.21,0.0,0.0,3.175144,5.896696,0.0,0.0,14.0,16.0
5,3,3,3,2,2,Double,Medium,3,3,5,3,4,4,3,4,18-20 inches,Info Not Available,44-66 pounds,Info Not Available,12-15 years,"dignified,alert,devoted",Foundation stock service,Hokkaido,https://www.akc.org/dog-breeds/hokkaido/,45.72,50.8,0.0,0.0,19.958047999999998,29.937072,0.0,0.0,12.0,15.0
5,4,4,3,2,2,Double,Medium,4,4,5,4,4,3,1,4,23-28 inches,Info Not Available,65-90 pounds,Info Not Available,10-14 years,"alert,intelligent,faithful",Foundation stock service,Hovawart,https://www.akc.org/dog-breeds/hovawart/,58.42,71.12,0.0,0.0,29.48348,40.82328,0.0,0.0,10.0,14.0
5,3,5,2,1,1,Wiry Smooth,Short,3,4,3,4,3,5,3,5,23.5-27.5 inches (male),22.5-26 inches (female),50 pounds (male),45 pounds (female),11-14 years,"family-oriented,even-tempered,polite",Hound group,Ibizan Hound,https://www.akc.org/dog-breeds/ibizan-hound/,59.69,69.85,57.15,66.04,22.6796,22.6796,20.41164,20.41164,11.0,14.0
5,5,4,3,2,2,Double,Medium,3,3,4,4,5,4,4,5,18 inches (male),16.5 inches (female),30 pounds (male),25 pounds (female),12-14 years,"friendly,playful,inquisitive",Herding group,Icelandic Sheepdog,https://www.akc.org/dog-breeds/icelandic-sheepdog/,45.72,45.72,41.910000000000004,41.910000000000004,13.607759999999999,13.607759999999999,11.3398,11.3398,12.0,14.0
5,5,5,2,2,2,Double Silky,Medium,5,3,3,5,5,5,3,3,24.5-26 inches (male),22.5-24 inches (female),42-60 pounds (male),35-50 pounds (female),11-15 years,"courageous,spirited,determined",Sporting group,Irish Red and White Setter,https://www.akc.org/dog-breeds/irish-red-and-white-setter/,62.230000000000004,66.04,57.15,60.96,19.050864,27.215519999999998,15.87572,22.6796,11.0,15.0
5,5,5,3,3,2,Silky,Medium,5,5,3,4,4,5,3,4,27 inches (male),25 inches (female),70 pounds (male),60 pounds (female),12-15 years,"active,sweet-natured,outgoing",Sporting group,Irish Setter,https://www.akc.org/dog-breeds/irish-setter/,68.58,68.58,63.5,63.5,31.75144,31.75144,27.215519999999998,27.215519999999998,12.0,15.0
5,5,1,2,1,1,Wiry Double,Medium,3,3,5,4,3,3,3,4,18 inches,Info Not Available,27 pounds (male),25 pounds (female),13-15 years,"bold,dashing,tenderhearted",Terrier group,Irish Terrier,https://www.akc.org/dog-breeds/irish-terrier/,45.72,45.72,0.0,0.0,12.246984,12.246984,11.3398,11.3398,13.0,15.0
5,3,3,1,3,2,Curly,Medium,3,5,3,4,5,3,1,4,22-24 inches (male),21-23 inches (female),55-68 pounds (male),45-58 pounds (female),12-13 years,"playful,hardworking,brave",Sporting group,Irish Water Spaniel,https://www.akc.org/dog-breeds/irish-water-spaniel/,55.88,60.96,53.34,58.42,24.94756,30.844256,20.41164,26.308336,12.0,13.0
5,3,4,3,2,2,Wiry,Medium,3,3,5,3,3,3,1,3,32 inches minimum (male),30 inches minimum (female),120 pounds (male),105 pounds (female),6-8 years,"dignified,courageous,calm",Hound group,Irish Wolfhound,https://www.akc.org/dog-breeds/irish-wolfhound/,81.28,81.28,76.2,76.2,54.431039999999996,54.431039999999996,47.627159999999996,47.627159999999996,6.0,8.0
5,3,5,3,1,1,Smooth,Short,5,4,3,4,4,3,3,3,13-15 inches,Info Not Available,7-14 pounds,Info Not Available,14-15 years,"alert,playful,sensitive",Toy group,Italian Greyhound,https://www.akc.org/dog-breeds/italian-greyhound/,33.02,38.1,0.0,0.0,3.175144,6.350288,0.0,0.0,14.0,15.0
5,3,3,2,1,1,Wiry Smooth Rough,Short,3,4,4,3,3,3,1,4,13-16 inches,Info Not Available,17-22 pounds,Info Not Available,10-12 years,"intelligent,courageous,hardworking",Foundation stock service,Jagdterrier,https://www.akc.org/dog-breeds/jagdterrier/,33.02,40.64,0.0,0.0,7.711064,9.979023999999999,0.0,0.0,10.0,12.0
1,3,1,5,3,1,Double,Medium,1,3,5,3,1,3,3,3,25-27.5 inches (male),22.5-25 inches (female),65-75 pounds (male),55-65 pounds (female),10-12 years,"dignified,alert,aloof",Miscellaneous class,Japanese Akitainu,https://www.akc.org/dog-breeds/japanese-akitainu/,63.5,69.85,57.15,63.5,29.48348,34.0194,24.94756,29.48348,10.0,12.0
5,3,5,3,2,1,Silky,Medium,3,3,3,4,3,3,2,3,8-11 inches,Info Not Available,7-11 pounds,Info Not Available,10-12 years,"charming,loving,noble",Toy group,Japanese Chin,https://www.akc.org/dog-breeds/japanese-chin/,20.32,27.94,0.0,0.0,3.175144,4.9895119999999995,0.0,0.0,10.0,12.0
3,5,5,3,3,1,Double,Medium,5,3,3,5,5,3,3,3,12-15 inches,Info Not Available,10-25 pounds,Info Not Available,10-14 years,"loyal, playful, smart",Foundation stock service,Japanese Spitz,https://www.akc.org/dog-breeds/japanese-spitz/,30.48,38.1,0.0,0.0,4.53592,11.3398,0.0,0.0,10.0,14.0
3,3,3,3,2,1,N A,N A,3,3,5,5,1,3,1,3,10-13 inches,Info Not Available,10-12 lbs,Info Not Available,13-15 years,"reserved,independent,curious",Foundation stock service,Japanese Terrier,https://www.akc.org/dog-breeds/japanese-terrier/,25.4,33.02,0.0,0.0,4.53592,5.443104,0.0,0.0,13.0,15.0
3,3,1,3,3,1,Double,Medium,1,3,3,1,3,3,3,3,19-22 (males),17-20 (females),40 -50 (males),30-40 (females),14-15 years,"alert,loyal,intelligent",Foundation stock service,Jindo,https://www.akc.org/dog-breeds/jindo/,48.26,55.88,43.18,50.8,18.14368,22.6796,13.607759999999999,18.14368,14.0,15.0
5,3,3,3,1,1,Double,Medium,1,3,5,3,3,3,3,3,18.5 - 19.5 (males),15.5 - 17 (females),30-40 (males),25-35 (females),12-15 years,"loyal,intelligent,agile",Miscellaneous class,Kai Ken,https://www.akc.org/dog-breeds/kai-ken/,46.99,49.53,39.37,43.18,13.607759999999999,18.14368,11.3398,15.87572,12.0,15.0
3,1,3,3,3,2,Double,Medium,3,3,5,3,4,3,3,3,19-23.5 inches,Info Not Available,44-49 pounds,Info Not Available,11-13 years,"independent,loyal,courageous",Foundation stock service,Karelian Bear Dog,https://www.akc.org/dog-breeds/karelian-bear-dog/,48.26,59.69,0.0,0.0,19.958047999999998,22.226008,0.0,0.0,11.0,13.0
5,5,5,3,3,2,Double,Long,5,5,5,5,5,4,4,4,18 inches (male),17 inches (female),35-45 pounds,Info Not Available,12-15 years,"friendly,lively,outgoing",Non-sporting group,Keeshond,https://www.akc.org/dog-breeds/keeshond/,45.72,45.72,43.18,43.18,15.87572,20.41164,0.0,0.0,12.0,15.0
5,4,2,1,3,2,Wavy,Medium,3,3,5,3,3,4,4,4,18-19.5 inches (male),17.5-19 inches (female),33-40 pounds (male),females weigh proportionately less than males,12-15 years,"alert,smart,people-oriented",Terrier group,Kerry Blue Terrier,https://www.akc.org/dog-breeds/kerry-blue-terrier/,45.72,49.53,44.45,48.26,14.968536,18.14368,0.0,0.0,12.0,15.0
5,3,3,3,1,1,Double,Short,5,3,3,3,3,3,1,5,19-22 inches,Info Not Available,30-60 pounds,Info Not Available,12-15 years,"alert,good-natured,confident",Foundation stock service,Kishu Ken,https://www.akc.org/dog-breeds/kishu-ken/,48.26,55.88,0.0,0.0,13.607759999999999,27.215519999999998,0.0,0.0,12.0,15.0
5,3,2,1,4,2,Corded,Long,3,3,5,3,4,3,3,3,27.5 minimum inches (male),25.5 minimum inches (female),100 pounds or more (male),80 pounds or more (female),10-12 years,"dignified,loyal,brave",Working group,Komondor,https://www.akc.org/dog-breeds/komondor/,69.85,69.85,64.77,64.77,45.3592,45.3592,36.28736,36.28736,10.0,12.0
5,4,3,2,1,1,Wiry Smooth,Short,4,4,3,4,4,4,3,3,15-18 inches,Info Not Available,20-35 pounds,Info Not Available,13-15 years,"intelligent,active,sensitive",Foundation stock service,Kromfohrlander,https://www.akc.org/dog-breeds/kromfohrlander/,38.1,45.72,0.0,0.0,9.07184,15.87572,0.0,0.0,13.0,15.0
5,3,3,3,2,2,Double,Medium,3,3,5,4,5,3,3,3,28-30 inches (male),26-28 inches (female),100-115 pounds (male),70-90 pounds (female),10-12 years,"loyal,fearless,sweet",Working group,Kuvasz,https://www.akc.org/dog-breeds/kuvasz/,71.12,76.2,66.04,71.12,45.3592,52.16308,31.75144,40.82328,10.0,12.0
5,5,5,4,2,2,Double,Short,5,5,3,5,5,5,3,4,22.5-24.5 inches (male),21.5-23.5 inches (female),65-80 pounds (male),55-70 pounds (female),11-13 years,"active,friendly,outgoing",Sporting group,Labrador Retriever,https://www.akc.org/dog-breeds/labrador-retriever/,57.15,62.230000000000004,54.61,59.69,29.48348,36.28736,24.94756,31.75144,11.0,13.0
5,3,5,1,2,2,Double Curly,Medium,4,4,3,4,4,4,2,4,17-19 inches (male),16-18 inches (female),28.5-35 pounds (male),24-31 pounds (female),15-17 years,"affectionate,keen,undemanding",Sporting group,Lagotto Romagnolo,https://www.akc.org/dog-breeds/lagotto-romagnolo/,43.18,48.26,40.64,45.72,12.927372,15.87572,10.886208,14.061352,15.0,17.0
5,3,3,2,2,1,Wiry Double,Short,3,4,3,4,3,3,3,4,14.5-15 inches (male),slightly smaller (female),17 pounds (male),slightly smaller (female),12-15 years,"friendly,confident,bold",Terrier group,Lakeland Terrier,https://www.akc.org/dog-breeds/lakeland-terrier/,36.83,38.1,0.0,0.0,7.711064,7.711064,0.0,0.0,12.0,15.0
5,5,5,3,1,1,Double,Short,4,4,3,4,4,4,4,4,10-12 inches,Info Not Available,9-17 pounds,Info Not Available,12-15 years,"intelligent,versatile,affectionate",Miscellaneous class,Lancashire Heeler,https://www.akc.org/dog-breeds/lancashire-heeler/,25.4,30.48,0.0,0.0,4.082328,7.711064,0.0,0.0,12.0,15.0
5,3,3,3,2,2,Double,Short,3,3,4,4,4,4,4,4,18-20 inches,Info Not Available,70 pounds,Info Not Available,10-14 years,"intelligent,friendly,energetic",Foundation stock service,Lapponian Herder,https://www.akc.org/dog-breeds/lapponian-herder/,45.72,50.8,0.0,0.0,31.75144,31.75144,0.0,0.0,10.0,14.0
5,5,3,4,4,3,Double,Long,5,3,4,4,5,3,3,4,28-31.5 inches (male),25.5-29.5 inches (female),110-170 pounds (male),90-140 pounds (female),7 years,"friendly,playful,gentle",Working group,Leonberger,https://www.akc.org/dog-breeds/leonberger/,71.12,80.01,64.77,74.93,49.89512,77.11064,40.82328,63.50288,7.0,7.0
5,3,3,1,3,1,Silky,Long,3,3,5,5,3,3,3,3,10-11 inches (male),slightly smaller (female),12-18 pounds,Info Not Available,12-15 years,"confident,smart,comical",Non-sporting group,Lhasa Apso,https://www.akc.org/dog-breeds/lhasa-apso/,25.4,27.94,0.0,0.0,5.443104,8.164656,0.0,0.0,12.0,15.0
5,5,3,2,2,1,Wavy,Long,3,4,4,4,4,3,3,3,12-14 inches,Info Not Available,15 pounds,Info Not Available,13-15 years,"affectionate,outgoing,positive",Non-sporting group,LÃ¶wchen,https://www.akc.org/dog-breeds/lowchen/,30.48,35.56,0.0,0.0,6.8038799999999995,6.8038799999999995,0.0,0.0,13.0,15.0
5,3,3,1,4,1,Silky,Long,3,3,4,4,3,3,3,3,7-9 inches,Info Not Available,under 7 pounds,Info Not Available,12-15 years,"playful,charming,gentle",Toy group,Maltese,https://www.akc.org/dog-breeds/maltese/,17.78,22.86,0.0,0.0,3.175144,3.175144,0.0,0.0,12.0,15.0
5,4,3,2,2,1,Smooth,Short,3,4,4,4,4,4,4,3,15-16 inches,Info Not Available,12-22 pounds,Info Not Available,15-17 years,"bright,spirited,keenly observant",Terrier group,Manchester Terrier (Standard),https://www.akc.org/dog-breeds/manchester-terrier-standard/,38.1,40.64,0.0,0.0,5.443104,9.979023999999999,0.0,0.0,15.0,17.0
5,4,3,2,2,1,Smooth,Short,3,4,4,4,4,4,4,3,10-12 inches,Info Not Available,under 12 pounds,Info Not Available,15-17 years,"intelligent,agile,spirited",Toy group,Manchester Terrier (Toy),https://www.akc.org/dog-breeds/manchester-terrier-toy/,25.4,30.48,0.0,0.0,5.443104,5.443104,0.0,0.0,15.0,17.0
5,5,3,3,1,4,Double,Short,3,3,5,4,3,3,1,3,30 inches & up (male),27.5 inches & up (female),160-230 pounds (male),120-170 pounds (female),6-10 years,"dignified,good-natured,courageous",Working group,Mastiff,https://www.akc.org/dog-breeds/mastiff/,76.2,76.2,69.85,69.85,72.57472,104.32616,54.431039999999996,77.11064,6.0,10.0
5,5,5,3,3,2,Double,Medium,3,4,3,4,5,5,3,5,14-18 inches (male),13-17 inches (female),20-40 pounds,Info Not Available,12-13 years,"intelligent,good-natured,devoted",Herding group,Miniature American Shepherd,https://www.akc.org/dog-breeds/miniature-american-shepherd/,35.56,45.72,33.02,43.18,9.07184,18.14368,0.0,0.0,12.0,13.0
5,3,3,2,1,2,Smooth,Short,3,4,4,4,3,4,5,4,10-14 inches,Info Not Available,18-28 pounds,Info Not Available,11-13 years,"upbeat,mischievous,comical",Terrier group,Miniature Bull Terrier,https://www.akc.org/dog-breeds/miniature-bull-terrier/,25.4,35.56,0.0,0.0,8.164656,12.700576,0.0,0.0,11.0,13.0
5,3,4,3,1,1,Smooth,Short,3,4,5,4,3,5,5,5,10-12.5 inches,Info Not Available,8-10 pounds,Info Not Available,12-16 years,"fearless,proud,fun-loving",Toy group,Miniature Pinscher,https://www.akc.org/dog-breeds/miniature-pinscher/,25.4,31.75,0.0,0.0,3.628736,4.53592,0.0,0.0,12.0,16.0
5,5,3,3,4,2,Wiry Double,Medium,3,4,4,5,5,3,5,4,12-14 inches,Info Not Available,11-20 pounds,Info Not Available,12-15 years,"friendly,smart,obedient",Terrier group,Miniature Schnauzer,https://www.akc.org/dog-breeds/miniature-schnauzer/,30.48,35.56,0.0,0.0,4.9895119999999995,9.07184,0.0,0.0,12.0,15.0
3,3,3,3,3,1,Smooth,Short,1,5,5,3,5,5,5,5,18 - 26 (males),16 - 24 (females_,30-60 pounds,Info Not Available,10-13 years,"intelligent,reserved with strangers,strong-willed",Foundation stock service,Mountain Cur,https://www.akc.org/dog-breeds/mountain-cur/,45.72,66.04,40.64,60.96,13.607759999999999,27.215519999999998,0.0,0.0,10.0,13.0
5,3,3,2,1,2,Curly,Medium,3,5,4,4,5,5,4,4,15-18.5 inches,Info Not Available,18-29 pounds,Info Not Available,12-14 years,"loyal,intelligent,active",Herding group,Mudi,https://www.akc.org/dog-breeds/mudi/,38.1,46.99,0.0,0.0,8.164656,13.154168,0.0,0.0,12.0,14.0
3,3,3,3,2,5,Smooth,Short,3,2,5,3,3,2,1,3,26-31 inches (male),24-29 inches (female),150 pounds (male),110 pounds (female),7-9 years,"dignified,loyal,watchful",Working group,Neapolitan Mastiff,https://www.akc.org/dog-breeds/neapolitan-mastiff/,66.04,78.74,60.96,73.66,68.0388,68.0388,49.89512,49.89512,7.0,9.0
5,3,3,3,2,2,Double Wavy,Medium,4,3,3,4,5,4,3,4,"Dogs 16""","Females 15""",20 - 30 lbs,Info Not Available,12-15 years,"alert,friendly,quick",Sporting group,Nederlandse Kooikerhondje,https://www.akc.org/dog-breeds/nederlandse-kooikerhondje/,40.64,40.64,38.1,38.1,9.07184,13.607759999999999,0.0,0.0,12.0,15.0
5,5,5,3,2,5,Double,Medium,5,3,5,4,3,3,1,3,28 inches (average male),26 inches (average female),130-150 pounds (male),100-120 pounds (female),9-10 years,"devoted,sweet,patient",Working group,Newfoundland,https://www.akc.org/dog-breeds/newfoundland/,71.12,71.12,66.04,66.04,58.96696,68.0388,45.3592,54.431039999999996,9.0,10.0
5,5,3,3,2,1,Wiry Double,Short,5,4,4,4,3,4,4,4,9-10 inches,Info Not Available,11-12 pounds,Info Not Available,12-16 years,"alert,fearless,fun-loving",Terrier group,Norfolk Terrier,https://www.akc.org/dog-breeds/norfolk-terrier/,22.86,25.4,0.0,0.0,4.9895119999999995,5.443104,0.0,0.0,12.0,16.0
5,3,3,3,2,1,Double,Short,3,3,3,4,4,4,3,3,16.5-18 inches,Info Not Available,20-30 pounds,Info Not Available,14-17 years,"fearless,agile,attentive",Miscellaneous class,Norrbottenspets,https://www.akc.org/dog-breeds/norrbottenspets/,41.910000000000004,45.72,0.0,0.0,9.07184,13.607759999999999,0.0,0.0,14.0,17.0
5,3,3,3,2,1,Double,Medium,3,3,4,4,3,4,4,4,17-18.5 inches (male),16-17.5 inches (female),31-40 pounds (male),26-35 pounds (female),12-15 years,"confident,smart,perceptive",Herding group,Norwegian Buhund,https://www.akc.org/dog-breeds/norwegian-buhund/,43.18,46.99,40.64,44.45,14.061352,18.14368,11.793392,15.87572,12.0,15.0
5,3,3,3,2,2,Double,Medium,4,4,5,4,4,4,4,4,20.5 inches (male),19.5 inches (female),55 pounds (male),48 pounds (female),12-15 years,"friendly,confident,dependable",Hound group,Norwegian Elkhound,https://www.akc.org/dog-breeds/norwegian-elkhound/,52.07,52.07,49.53,49.53,24.94756,24.94756,21.772416,21.772416,12.0,15.0
3,3,3,3,2,1,Double,Short,3,3,3,3,3,3,3,3,13-15 inches (male),12-14 inches (female),15-18 lbs (male),12-15 lbs (female),12-15 years,"alert,loyal,energetic",Non-sporting group,Norwegian Lundehund,https://www.akc.org/dog-breeds/norwegian-lundehund/,33.02,38.1,30.48,35.56,6.8038799999999995,8.164656,5.443104,6.8038799999999995,12.0,15.0
5,5,3,3,2,1,Wiry Double,Short,5,4,4,4,3,4,4,4,10 inches,Info Not Available,12 pounds,Info Not Available,12-15 years,"alert,curious,loyal,affectionate,gregarious",Terrier group,Norwich Terrier,https://www.akc.org/dog-breeds/norwich-terrier/,25.4,25.4,0.0,0.0,5.443104,5.443104,0.0,0.0,12.0,15.0
5,5,4,3,2,2,Double,Medium,3,5,3,4,5,5,2,4,18-21 inches (male),17-20 inches (female),35-50 pounds,Info Not Available,12-14 years,"intelligent,affectionate,outgoing",Sporting group,Nova Scotia Duck Tolling Retriever,https://www.akc.org/dog-breeds/nova-scotia-duck-tolling-retriever/,45.72,53.34,43.18,50.8,15.87572,22.6796,0.0,0.0,12.0,14.0
5,5,3,3,4,3,Double,Long,3,4,4,4,4,3,3,4,22 inches & up (male),21 inches & up (female),60-100 pounds,Info Not Available,10-12 years,"smart,gentle,adaptable",Herding group,Old English Sheepdog,https://www.akc.org/dog-breeds/old-english-sheepdog/,55.88,55.88,53.34,53.34,27.215519999999998,45.3592,0.0,0.0,10.0,12.0
5,3,3,2,2,3,Rough Double,Medium,4,3,3,4,4,3,5,3,27 inches (male),24 inches (female),115 pounds (male),80 pounds (female),10-13 years,"even-tempered,amiable,boisterous",Hound group,Otterhound,https://www.akc.org/dog-breeds/otterhound/,68.58,68.58,60.96,60.96,52.16308,52.16308,36.28736,36.28736,10.0,13.0
5,5,3,3,2,1,Silky,Medium,5,5,4,5,5,4,5,5,8-11 inches,Info Not Available,5-10 pounds,Info Not Available,14-16 years,"alert,friendly,happy",Toy group,Papillon,https://www.akc.org/dog-breeds/papillon/,20.32,27.94,0.0,0.0,2.26796,4.53592,0.0,0.0,14.0,16.0
5,3,5,2,2,1,Smooth Double,Short,3,4,3,4,4,5,3,4,14 inches (male),13 inches (female),13-17 pounds,Info Not Available,13-15 years,"friendly,clever,athletic",Terrier group,Parson Russell Terrier,https://www.akc.org/dog-breeds/parson-russell-terrier/,35.56,35.56,33.02,33.02,5.896696,7.711064,0.0,0.0,13.0,15.0
5,3,3,3,3,1,Double,Long,3,4,4,4,3,3,1,3,6-9 inches,Info Not Available,up to 14 pounds,Info Not Available,12-14 years,"loyal,affectionate,regal in manner",Toy group,Pekingese,https://www.akc.org/dog-breeds/pekingese/,15.24,22.86,0.0,0.0,6.350288,6.350288,0.0,0.0,12.0,14.0
5,3,4,4,2,1,Double,Short,4,4,5,4,4,4,4,4,10-12 inches,Info Not Available,up to 30 pounds (male),up to 28 pounds (female),12-13 years,"alert,affectionate,smart",Herding group,Pembroke Welsh Corgi,https://www.akc.org/dog-breeds/pembroke-welsh-corgi/,25.4,30.48,0.0,0.0,13.607759999999999,13.607759999999999,12.700576,12.700576,12.0,13.0
2,1,1,3,1,4,Smooth,Short,1,1,5,2,3,2,3,3,22-26 inches,Info Not Available,84-110 pounds,Info Not Available,9-11 years,"strong-willed,confident,calm",Foundation stock service,Perro de Presa Canario,https://www.akc.org/dog-breeds/perro-de-presa-canario/,55.88,66.04,0.0,0.0,38.101728,49.89512,0.0,0.0,9.0,11.0
5,3,3,1,1,1,Hairless Smooth,Short,3,3,3,3,3,4,3,4,9.75-15.75 inches (small) 15.75-19.75 inches (medium) 19.75-25.75 inches (large),Info Not Available,8.5-17.5 pounds (small) 17.5-26.5 pounds (medium) 26.5-55 pounds (large),Info Not Available,12-14 years,"loyal,affectionate,noble",Miscellaneous class,Peruvian Inca Orchid,https://www.akc.org/dog-breeds/peruvian-inca-orchid/,24.765,40.005,0.0,0.0,3.855532,7.93786,0.0,0.0,12.0,14.0
4,5,5,2,2,2,Rough Double,Long,4,4,4,4,3,4,5,4,13-15 inches,Info Not Available,25-40 pounds,Info Not Available,14-16 years,"alert,happy,vivacious",Hound group,Petit Basset Griffon VendÃ©en,https://www.akc.org/dog-breeds/petit-basset-griffon-vendeen/,33.02,38.1,0.0,0.0,11.3398,18.14368,0.0,0.0,14.0,16.0
5,3,5,3,2,1,Smooth,Short,3,3,3,3,4,4,3,4,23-25 inches (male),21-24 inches (female),45-55 pounds,Info Not Available,12-14 years,"friendly,smart,noble",Hound group,Pharaoh Hound,https://www.akc.org/dog-breeds/pharaoh-hound/,58.42,63.5,53.34,60.96,20.41164,24.94756,0.0,0.0,12.0,14.0
5,3,5,2,1,2,Smooth,Short,4,3,4,4,4,4,4,3,20-25 inches (male),20-23 inches (female),50-60 pounds (male),40-55 pounds (female),12-14 years,"Loyal,Alert,Intelligent",Hound group,Plott Hound,https://www.akc.org/dog-breeds/plott-hound/,50.8,63.5,50.8,58.42,22.6796,27.215519999999998,18.14368,24.94756,12.0,14.0
5,3,5,3,2,2,Smooth,Short,4,4,3,4,5,4,3,4,25-28 inches (male),23-26 inches (female),55-75 pounds (male),45-65 pounds (female),12-17 years,"loyal,hardworking,even-tempered",Sporting group,Pointer,https://www.akc.org/dog-breeds/pointer/,63.5,71.12,58.42,66.04,24.94756,34.0194,20.41164,29.48348,12.0,17.0
5,3,3,2,4,2,Double,Long,3,4,5,5,4,3,4,4,18-20 inches (male),17-19 inches (female),30-50 pounds,Info Not Available,12-14 years,"confident,lively,clever",Herding group,Polish Lowland Sheepdog,https://www.akc.org/dog-breeds/polish-lowland-sheepdog/,45.72,50.8,43.18,48.26,13.607759999999999,22.6796,0.0,0.0,12.0,14.0
5,3,3,2,3,1,Double,Long,3,3,4,4,3,3,4,3,6-7 inches,Info Not Available,3-7 pounds,Info Not Available,12-16 years,"inquisitive,lively,bold",Toy group,Pomeranian,https://www.akc.org/dog-breeds/pomeranian/,15.24,17.78,0.0,0.0,1.360776,3.175144,0.0,0.0,12.0,16.0
5,5,3,1,4,1,Curly,Long,5,5,3,4,5,4,4,5,10-15 inches,Info Not Available,10-15 pounds,Info Not Available,10-18 years,"active,proud,very smart",Non-sporting group,Poodle (Miniature),https://www.akc.org/dog-breeds/poodle-miniature/,25.4,38.1,0.0,0.0,4.53592,6.8038799999999995,0.0,0.0,10.0,18.0
5,5,3,1,4,1,Curly,Long,5,5,5,4,5,4,4,5,over 15 inches (standard),Info Not Available,60-70 pounds (male standard),40-50 pounds (female standard),10-18 years,"active,proud,very smart",Non-sporting group,Poodle (Standard),https://www.akc.org/dog-breeds/poodle-standard/,38.1,38.1,0.0,0.0,27.215519999999998,31.75144,18.14368,22.6796,10.0,18.0
5,5,3,1,4,1,Curly,Long,5,5,3,4,5,4,4,5,No more than 10 inches,Info Not Available,4-6 pounds,Info Not Available,10-18 years,"intelligent,agile,self-confident",Toy group,Poodle (Toy),https://www.akc.org/dog-breeds/poodle-toy/,25.4,25.4,0.0,0.0,1.814368,2.721552,0.0,0.0,10.0,18.0
5,5,5,3,1,3,Smooth,Short,5,5,3,4,5,4,2,4,22-23 inches,Info Not Available,55-62 pounds,Info Not Available,12-13 years,"independent,energetic,powerful",Foundation stock service,Porcelaine,https://www.akc.org/dog-breeds/porcelaine/,55.88,58.42,0.0,0.0,24.94756,28.122704,0.0,0.0,12.0,13.0
5,5,5,3,2,1,Wiry Smooth,Medium,3,4,3,4,3,4,3,4,22-28 inches (large) 16-22 inches (medium),Info Not Available,44-66 pounds (large) 35-44 pounds (medium),Info Not Available,10-15 years,"alert,independent,intelligent",Miscellaneous class,Portuguese Podengo,https://www.akc.org/dog-breeds/portuguese-podengo/,55.88,71.12,0.0,0.0,19.958047999999998,29.937072,0.0,0.0,10.0,15.0
5,5,5,3,2,1,Wiry Smooth,Short,3,4,3,4,3,4,3,4,8-12 inches,Info Not Available,9-13 pounds,Info Not Available,12-15 years,"playful,charming,lively",Hound group,Portuguese Podengo Pequeno,https://www.akc.org/dog-breeds/portuguese-podengo-pequeno/,20.32,30.48,0.0,0.0,4.082328,5.896696,0.0,0.0,12.0,15.0
5,5,3,3,1,2,Smooth,Short,4,4,3,4,5,5,3,5,20.5-22 inches,Info Not Available,35-59 pounds,Info Not Available,14 years,"energetic,affectionate,smart",Foundation stock service,Portuguese Pointer,https://www.akc.org/dog-breeds/portuguese-pointer/,52.07,55.88,0.0,0.0,15.87572,26.761928,0.0,0.0,14.0,14.0
5,3,3,2,2,2,Wavy,Long,3,3,5,4,5,4,3,4,16.5-21.5 inches,Info Not Available,37.5-59 pounds,Info Not Available,12-13 years,"intelligent,devoted,lively",Foundation stock service,Portuguese Sheepdog,https://www.akc.org/dog-breeds/portuguese-sheepdog/,41.910000000000004,54.61,0.0,0.0,17.0097,26.761928,0.0,0.0,12.0,13.0
5,5,4,2,4,2,Curly Wavy,Long,4,5,4,5,5,5,3,5,20-23 inches (male),17-21 inches (female),42-60 pounds (male),35-50 pounds (female),11-13 years,"affectionate,adventurous,athletic",Working group,Portuguese Water Dog,https://www.akc.org/dog-breeds/portuguese-water-dog/,50.8,58.42,43.18,53.34,19.050864,27.215519999999998,15.87572,22.6796,11.0,13.0
5,3,3,3,1,3,Wiry Smooth Rough,Short,3,3,3,5,5,4,3,4,22-26 inches,Info Not Available,45-70 pounds,Info Not Available,14 years,"friendly,smart,willing to please",Foundation stock service,Pudelpointer,https://www.akc.org/dog-breeds/pudelpointer/,55.88,66.04,0.0,0.0,20.41164,31.75144,0.0,0.0,14.0,14.0
5,5,4,4,2,1,Smooth,Short,5,5,3,5,4,3,1,3,10-13 inches,Info Not Available,14-18 pounds,Info Not Available,13-15 years,"charming,loving,mischievous",Toy group,Pug,https://www.akc.org/dog-breeds/pug/,25.4,33.02,0.0,0.0,6.350288,8.164656,0.0,0.0,13.0,15.0
5,3,3,1,5,2,Corded Double,Long,3,3,5,4,5,3,3,5,17 inches (male),16 inches (female),25-35 pounds,Info Not Available,10-15 years,"loyal,smart,home-loving",Herding group,Puli,https://www.akc.org/dog-breeds/puli/,43.18,43.18,40.64,40.64,11.3398,15.87572,0.0,0.0,10.0,15.0
5,3,3,1,2,2,Curly Wavy,Medium,3,4,4,4,5,5,3,5,16-18.5 inches (male),15-17.5 inches (female),27-29 pounds (male),22-24 pounds (female),12-13 years,"energetic,lively,ready to work",Herding group,Pumi,https://www.akc.org/dog-breeds/pumi/,40.64,46.99,38.1,44.45,12.246984,13.154168,9.979023999999999,10.886208,12.0,13.0
5,5,3,3,3,5,Double,Medium,3,3,5,3,3,2,1,3,Males 30-31 inches,Females 25-30 inches,120-240 pounds,Info Not Available,10-13 years,"gentle,brave,noble",Foundation stock service,Pyrenean Mastiff,https://www.akc.org/dog-breeds/pyrenean-mastiff/,76.2,78.74,63.5,76.2,54.431039999999996,108.86207999999999,0.0,0.0,10.0,13.0
5,3,3,3,2,2,Smooth Rough,Medium,3,5,5,4,5,5,4,5,15.5-18.5 inches (male rough-faced),15-18 inches (female rough-faced),15-30 pounds,Info Not Available,17-19 years,"active,affectionate,enthusiastic",Herding group,Pyrenean Shepherd,https://www.akc.org/dog-breeds/pyrenean-shepherd/,39.37,46.99,38.1,45.72,6.8038799999999995,13.607759999999999,0.0,0.0,17.0,19.0
5,3,3,3,2,3,Double,Short,3,3,5,5,5,3,2,3,25-29 inches,Info Not Available,77-132 pounds,Info Not Available,12-14 years,"confident,calm,powerful",Foundation stock service,Rafeiro do Alentejo,https://www.akc.org/dog-breeds/rafeiro-do-alentejo/,63.5,73.66,0.0,0.0,34.926584,59.874144,0.0,0.0,12.0,14.0
5,5,3,3,2,1,Smooth,Short,5,5,4,4,5,4,3,5,10-13 inches (miniature),13-18 inches (standard),10-25 pounds,Info Not Available,12-18 years,"friendly,inquisitive,lovable",Terrier group,Rat Terrier,https://www.akc.org/dog-breeds/rat-terrier/,25.4,33.02,33.02,45.72,4.53592,11.3398,0.0,0.0,12.0,18.0
5,5,5,3,2,3,Smooth,Short,3,3,3,4,3,3,4,4,22-27 inches (male),21-26 inches (female),45-70 pounds,Info Not Available,12-15 years,"eager to please,even-tempered,amiable",Hound group,Redbone Coonhound,https://www.akc.org/dog-breeds/redbone-coonhound/,55.88,68.58,53.34,66.04,20.41164,31.75144,0.0,0.0,12.0,15.0
5,5,3,3,2,2,Smooth,Short,3,3,5,4,4,3,2,4,25-27 inches (male),24-26 inches (female),85 pounds (male),70 pounds (female),years,"dignified,affectionate,even-tempered",Hound group,Rhodesian Ridgeback,https://www.akc.org/dog-breeds/rhodesian-ridgeback/,63.5,68.58,60.96,66.04,38.55532,38.55532,31.75144,31.75144,0.0,0.0
3,4,3,3,2,1,N A,N A,3,3,5,3,1,2,3,5,26-29 Males,23 - 26 Females,70 - 100 lbs,Info Not Available,12-14 years,"loyal,brave",Foundation stock service,Romanian Carpathian Shepherd,https://www.akc.org/dog-breeds/romanian-carpathian-shepherd/,66.04,73.66,58.42,66.04,31.75144,45.3592,0.0,0.0,12.0,14.0
5,5,3,2,2,3,Double,Medium,1,3,5,3,3,3,1,3,27-29 inches (males),22.5-28 inches (females),100-130 lbs,Info Not Available,12-14 years,"independent,loyal,confident guardian",Foundation stock service,Romanian Mioritic Shepherd Dog,https://www.akc.org/dog-breeds/romanian-mioritic-shepherd-dog/,68.58,73.66,57.15,71.12,45.3592,58.96696,0.0,0.0,12.0,14.0
5,3,3,3,1,3,Smooth,Short,3,4,5,4,5,3,1,5,24-27 inches (male),22-25 inches (female),95-135 pounds (male),80-100 pounds (female),9-10 years,"loyal,loving,confident guardian",Working group,Rottweiler,https://www.akc.org/dog-breeds/rottweiler/,60.96,68.58,55.88,63.5,43.09124,61.23492,36.28736,45.3592,9.0,10.0
5,3,5,3,2,1,Wiry Smooth,Short,5,5,4,4,3,5,4,5,10-12 inches,Info Not Available,9-15 pounds,Info Not Available,12-14 years,"alert,inquisitive,lively",Terrier group,Russell Terrier,https://www.akc.org/dog-breeds/russell-terrier/,25.4,30.48,0.0,0.0,4.082328,6.8038799999999995,0.0,0.0,12.0,14.0
5,3,3,3,2,1,Double,Short,3,4,4,4,4,3,4,3,8-11 inches,Info Not Available,Up to 6.5 pounds,Info Not Available,12-14 years,"loyal,charming,smart",Toy group,Russian Toy,https://www.akc.org/dog-breeds/russian-toy/,20.32,27.94,0.0,0.0,2.948348,2.948348,0.0,0.0,12.0,14.0
5,5,5,3,3,1,Wavy,Medium,3,3,1,5,5,3,1,1,11 inches,Info Not Available,6 - 9 pounds,Info Not Available,14-20 years,"playful,charming,inquisitive",Miscellaneous class,Russian Tsvetnaya Bolonka,https://www.akc.org/dog-breeds/russian-tsvetnaya-bolonka/,27.94,27.94,0.0,0.0,2.721552,4.082328,0.0,0.0,14.0,20.0
5,5,3,3,2,5,Smooth Rough Double,Short,3,3,5,4,3,3,1,3,28-30 inches (males),26-28 inches (female),140-180 pounds (male),120-140 pounds (female),8-10 years,"playful,charming,inquisitive",Working group,Saint Bernard,https://www.akc.org/dog-breeds/st-bernard/,71.12,76.2,66.04,71.12,63.50288,81.64656,54.431039999999996,63.50288,8.0,10.0
5,3,3,2,1,1,Smooth,Short,3,3,1,3,3,4,3,5,23-28 inches (male),considerably smaller (female),40-65 pounds,Info Not Available,10-17 years,"dignified,gentle,independent-minded",Hound group,Saluki,https://www.akc.org/dog-breeds/saluki/,58.42,71.12,0.0,0.0,18.14368,29.48348,0.0,0.0,10.0,17.0
5,5,3,3,3,1,Double,Long,5,5,4,4,4,4,5,4,21-23.5 inches (male),19-21 inches (female),45-65 pounds (male),35-50 pounds (female),12-14 years,"friendly,gentle,adaptable",Working group,Samoyed,https://www.akc.org/dog-breeds/samoyed/,53.34,59.69,48.26,53.34,20.41164,29.48348,15.87572,22.6796,12.0,14.0
5,3,5,2,3,2,Double,Long,3,4,5,4,5,4,3,4,16-20 inches,Info Not Available,26-55 pounds,Info Not Available,12-15 years,"friendly,watchful,lively",Foundation stock service,Schapendoes,https://www.akc.org/dog-breeds/schapendoes/,40.64,50.8,0.0,0.0,11.793392,24.94756,0.0,0.0,12.0,15.0
5,3,3,3,2,1,Double,Short,3,4,5,4,4,3,4,3,11-13 inches (male),10-12 inches (female),10-16 pounds,Info Not Available,12-16 years,"alert,curious,confident",Non-sporting group,Schipperke,https://www.akc.org/dog-breeds/schipperke/,27.94,33.02,25.4,30.48,4.53592,7.257472,0.0,0.0,12.0,16.0
5,3,5,3,1,1,Wiry Double,Medium,3,3,3,3,3,3,1,3,30-32 inches (male),28 inches & up (female),85-110 pounds (male),75-95 pounds (female),8-11 years,"dignified,gentle,polite",Hound group,Scottish Deerhound,https://www.akc.org/dog-breeds/scottish-deerhound/,76.2,81.28,71.12,71.12,38.55532,49.89512,34.0194,43.09124,8.0,11.0
5,3,2,2,3,2,Wiry Double,Medium,3,4,5,4,3,3,4,4,10 inches,Info Not Available,19-22 pounds (male),18-21 pounds (female),12 years,"independent,confident,spirited",Terrier group,Scottish Terrier,https://www.akc.org/dog-breeds/scottish-terrier/,25.4,25.4,0.0,0.0,8.618248,9.979023999999999,8.164656,9.525432,12.0,12.0
5,3,3,3,3,1,Wiry Double,Medium,4,3,5,4,4,3,4,4,10.5 inches,Info Not Available,23-24 pounds (male),slightly less (females),12-14 years,"alert,outgoing,sense of humor",Terrier group,Sealyham Terrier,https://www.akc.org/dog-breeds/sealyham-terrier/,26.67,26.67,0.0,0.0,10.432616,10.886208,0.0,0.0,12.0,14.0
3,5,5,3,1,1,N A,N A,1,1,5,3,5,3,3,1,19.5 - 24.5 inches males,19 - 24 inches females,39 - 62 lbs,Info Not Available,11-13 years,"intelligent,friendly,eager to please",Foundation stock service,Segugio Italiano,https://www.akc.org/dog-breeds/segugio-italiano/,49.53,62.230000000000004,48.26,60.96,17.690088,28.122704,0.0,0.0,11.0,13.0
5,5,5,3,3,1,Double,Long,2,5,5,5,5,4,5,4,13-16 inches,Info Not Available,15-25 pounds,Info Not Available,12-14 years,"playful,energetic,bright",Herding group,Shetland Sheepdog,https://www.akc.org/dog-breeds/shetland-sheepdog/,33.02,40.64,0.0,0.0,6.8038799999999995,11.3398,0.0,0.0,12.0,14.0
5,3,3,3,2,1,Double,Short,3,3,5,3,2,3,3,4,14.5-16.5 inches (male),13.5-15.5 inches (female),23 pounds (male),17 pounds (female),13-16 years,"alert,active,attentive",Non-sporting group,Shiba Inu,https://www.akc.org/dog-breeds/shiba-inu/,36.83,41.910000000000004,34.29,39.37,10.432616,10.432616,7.711064,7.711064,13.0,16.0
5,5,5,1,4,1,Double,Long,3,3,3,5,4,3,3,3,9-10.5 inches,Info Not Available,9-16 pounds,Info Not Available,10-18 years,"playful,affectionate,outgoing",Toy group,Shih Tzu,https://www.akc.org/dog-breeds/shih-tzu/,22.86,26.67,0.0,0.0,4.082328,7.257472,0.0,0.0,10.0,18.0
3,3,3,3,3,1,Double,Short,3,3,3,3,3,3,3,3,17-22 inches,Info Not Available,35-55 pounds,Info Not Available,10-12 years,"alert,energetic,enthusiastic",Foundation stock service,Shikoku,https://www.akc.org/dog-breeds/shikoku/,43.18,55.88,0.0,0.0,15.87572,24.94756,0.0,0.0,10.0,12.0
5,5,5,4,2,1,Double,Medium,5,5,1,4,3,5,5,4,21-23.5 inches (male),20-22 inches (female),45-60 pounds (male),35-50 pounds (female),12-14 years,"Loyal,Outgoing,mischievous",Working group,Siberian Husky,https://www.akc.org/dog-breeds/siberian-husky/,53.34,59.69,50.8,55.88,20.41164,27.215519999999998,15.87572,22.6796,12.0,14.0
5,3,3,2,3,1,Silky,Long,4,4,5,4,4,3,4,3,9-10 inches,Info Not Available,around 10 pounds,Info Not Available,13-15 years,"friendly,quick,keenly alert",Toy group,Silky Terrier,https://www.akc.org/dog-breeds/silky-terrier/,22.86,25.4,0.0,0.0,4.53592,4.53592,0.0,0.0,13.0,15.0
5,3,3,3,3,1,Double,Long,3,3,3,3,3,3,3,3,10 inches (male),9.5 inches (female),35-45 pounds (male),slightly lighter (female),12-14 years,"courageous,good-tempered,canny",Terrier group,Skye Terrier,https://www.akc.org/dog-breeds/skye-terrier/,25.4,25.4,24.13,24.13,15.87572,20.41164,0.0,0.0,12.0,14.0
4,3,3,3,1,1,Smooth,Short,2,3,2,3,3,4,2,3,26-29 inches (male),24-27 inches (female),35-50 pounds,Info Not Available,10-15 years,"reserved,graceful,noble",Hound group,Sloughi,https://www.akc.org/dog-breeds/sloughi/,66.04,73.66,60.96,68.58,15.87572,22.6796,0.0,0.0,10.0,15.0
5,3,4,2,1,2,Wiry,Short,3,3,3,3,5,4,3,3,24.5-26.5 in (male),22.5-26 in (female),50-65 lbs,Info Not Available,12-15 years,NA,Foundation stock service,Slovakian Wirehaired Pointer,https://www.akc.org/dog-breeds/slovakian-wirehaired-pointer/,62.230000000000004,67.31,57.15,66.04,22.6796,29.48348,0.0,0.0,12.0,15.0
5,3,3,4,2,3,Double,Medium,2,3,5,3,3,3,1,3,23-27.5 inches,Info Not Available,68-97 pounds,Info Not Available,11-13 years,"alert,courageous,faithful",Foundation stock service,Slovensky Cuvac,https://www.akc.org/dog-breeds/slovensky-cuvac/,58.42,69.85,0.0,0.0,30.844256,43.998424,0.0,0.0,11.0,13.0
5,3,4,3,1,2,Rough,Short,3,3,3,3,4,3,3,3,16-20 inches,Info Not Available,33-44 pounds,Info Not Available,12-13 years,"alert,courageous,determined",Foundation stock service,Slovensky Kopov,https://www.akc.org/dog-breeds/slovensky-kopov/,40.64,50.8,0.0,0.0,14.968536,19.958047999999998,0.0,0.0,12.0,13.0
5,4,3,3,1,2,Double,Medium,3,3,3,3,5,4,1,4,20.5-21 inches,Info Not Available,40-60 pounds,Info Not Available,12-14 years,"intelligent,devoted,self-confident",Miscellaneous class,Small Munsterlander,https://www.akc.org/dog-breeds/small-munsterlander/,52.07,53.34,0.0,0.0,18.14368,27.215519999999998,0.0,0.0,12.0,14.0
5,3,3,3,2,1,Smooth,Short,3,4,5,4,3,4,5,3,15Â½ inches,Info Not Available,18 pounds (male),15-17 (female),12-15 years,"independent,friendly,amusing",Terrier group,Smooth Fox Terrier,https://www.akc.org/dog-breeds/smooth-fox-terrier/,38.1,38.1,0.0,0.0,8.164656,8.164656,6.8038799999999995,7.711064,12.0,15.0
5,5,3,1,4,2,Wavy Silky,Medium,3,3,3,3,3,4,3,3,18-19 inches (male),17-18 inches (female),35-40 pounds (male),30-35 pounds (female),12-14 years,"friendly,happy,deeply devoted",Terrier group,Soft Coated Wheaten Terrier,https://www.akc.org/dog-breeds/soft-coated-wheaten-terrier/,45.72,48.26,43.18,45.72,15.87572,18.14368,13.607759999999999,15.87572,12.0,14.0
5,3,3,3,1,5,Smooth Double,Short,3,2,5,3,3,3,1,3,Minimum 28-35 inches,Info Not Available,140-200 pounds,Info Not Available,10-12 years,"intelligent,affectionate,kind",Foundation stock service,Spanish Mastiff,https://www.akc.org/dog-breeds/spanish-mastiff/,71.12,88.9,0.0,0.0,63.50288,90.7184,0.0,0.0,10.0,12.0
5,4,3,1,4,2,Corded Curly,Medium,3,4,3,3,4,4,3,5,17.5-19.75 inches (male),15.75-18 inches (female),40-49 pounds (male),31-40 pounds (female),12-14 years,"Upbeat,Playful but also work-oriented,Very Active",Herding group,Spanish Water Dog,https://www.akc.org/dog-breeds/spanish-water-dog/,44.45,50.165,40.005,45.72,18.14368,22.226008,14.061352,18.14368,12.0,14.0
5,3,4,3,2,3,Wiry,Medium,3,3,3,3,4,3,2,3,23-27 inches (male),22-25 inches (female),In direct proportion to size and structure of a dog,Info Not Available,10-12 years,"sociable,patient,docile",Sporting group,Spinone Italiano,https://www.akc.org/dog-breeds/spinone-italiano/,58.42,68.58,55.88,63.5,0.0,0.0,0.0,0.0,10.0,12.0
5,5,4,3,1,2,Smooth Double,Short,3,3,3,3,5,4,3,4,19-21 inches,Info Not Available,40-60 pounds,Info Not Available,13-15 years,"intelligent,loving,responsive",Foundation stock service,Stabyhoun,https://www.akc.org/dog-breeds/stabyhoun/,48.26,53.34,0.0,0.0,18.14368,27.215519999999998,0.0,0.0,13.0,15.0
5,5,3,2,2,3,Smooth,Short,4,4,5,5,5,4,3,4,14-16 inches,Info Not Available,28-38 pounds (male),24-34 pounds (female),12-14 years,"clever,brave,tenacious",Terrier group,Staffordshire Bull Terrier,https://www.akc.org/dog-breeds/staffordshire-bull-terrier/,35.56,40.64,0.0,0.0,12.700576,17.236496,10.886208,15.422128,12.0,14.0
5,5,3,1,3,3,Wiry Double,Medium,3,4,5,4,5,3,3,5,18.5-19.5 inches (male),17.5-18.5 inches (female),35-50 pounds (male),30-45 pounds (female),13-16 years,"fearless,smart,spirited",Working group,Standard Schnauzer,https://www.akc.org/dog-breeds/standard-schnauzer/,46.99,49.53,44.45,46.99,15.87572,22.6796,13.607759999999999,20.41164,13.0,16.0
5,3,3,3,3,3,Double,Medium,3,4,3,4,4,3,3,3,13-15 inches,Info Not Available,35-45 pounds,Info Not Available,13-15 years,"friendly,merry,even-tempered",Sporting group,Sussex Spaniel,https://www.akc.org/dog-breeds/sussex-spaniel/,33.02,38.1,0.0,0.0,15.87572,20.41164,0.0,0.0,13.0,15.0
5,3,3,3,2,2,Double,Long,4,4,4,4,5,4,4,4,16-20 inches,Info Not Available,30-45 pounds,Info Not Available,12-14 years,"intelligent,playful,lively",Foundation stock service,Swedish Lapphund,https://www.akc.org/dog-breeds/swedish-lapphund/,40.64,50.8,0.0,0.0,13.607759999999999,20.41164,0.0,0.0,12.0,14.0
5,5,3,4,2,2,Double,Short,3,4,3,4,4,4,3,4,12.5-13.75 inches (male),11.5-12.75 inches (female),20-35 pounds,Info Not Available,12-15 years,"friendly,energetic,watchful",Herding group,Swedish Vallhund,https://www.akc.org/dog-breeds/swedish-vallhund/,31.75,34.925,29.21,32.385,9.07184,15.87572,0.0,0.0,12.0,15.0
5,3,3,3,2,2,Smooth,Short,3,3,5,4,4,5,3,4,17-20 inches,Info Not Available,26-40 pounds,Info Not Available,9-13 years,"loyal,intelligent,versatile",Foundation stock service,Taiwan Dog,https://www.akc.org/dog-breeds/taiwan-dog/,43.18,50.8,0.0,0.0,11.793392,18.14368,0.0,0.0,9.0,13.0
5,5,5,3,1,1,Smooth,Short,1,3,3,5,3,3,3,3,8-14 inches,Info Not Available,8-25 pounds,Info Not Available,14-16 years,"intelligent,playful,versatile",Miscellaneous class,Teddy Roosevelt Terrier,https://www.akc.org/dog-breeds/teddy-roosevelt-terrier/,20.32,35.56,0.0,0.0,3.628736,11.3398,0.0,0.0,14.0,16.0
5,3,3,3,1,1,Smooth,Short,3,4,5,3,4,4,3,4,20-24 inches,Info Not Available,35-75 pounds,Info Not Available,12-13 years,"independent,loyal,agile",Foundation stock service,Thai Ridgeback,https://www.akc.org/dog-breeds/thai-ridgeback/,50.8,60.96,0.0,0.0,15.87572,34.0194,0.0,0.0,12.0,13.0
4,3,3,4,3,3,Double,Medium,1,3,5,3,3,3,3,4,minimum 26 inches (male),minimum 24 inches (female),90-150 pounds (male),70-120 pounds (female),10-12 years,"reserved,independent,intelligent",Working group,Tibetan Mastiff,https://www.akc.org/dog-breeds/tibetan-mastiff/,66.04,66.04,60.96,60.96,40.82328,68.0388,31.75144,54.431039999999996,10.0,12.0
5,5,3,3,2,2,Double,Medium,4,4,4,4,3,3,3,3,10 inches,Info Not Available,9-15 pounds,Info Not Available,12-15 years,"playful,bright,self-confident",Non-sporting group,Tibetan Spaniel,https://www.akc.org/dog-breeds/tibetan-spaniel/,25.4,25.4,0.0,0.0,4.082328,6.8038799999999995,0.0,0.0,12.0,15.0
5,3,3,3,3,2,Double,Long,3,3,4,4,3,4,3,4,14-17 inches,Info Not Available,18-30 pounds (male),slightly smaller (female),15-16 years,"loyal,affectionate,sensitive",Non-sporting group,Tibetan Terrier,https://www.akc.org/dog-breeds/tibetan-terrier/,35.56,43.18,0.0,0.0,8.164656,13.607759999999999,0.0,0.0,15.0,16.0
5,3,1,4,2,3,Double,Medium,3,3,5,3,3,3,3,3,23-28 inches,Info Not Available,62-110 pounds,Info Not Available,12-14 years,"intelligent,friendly,courageous",Foundation stock service,Tornjak,https://www.akc.org/dog-breeds/tornjak/,58.42,71.12,0.0,0.0,28.122704,49.89512,0.0,0.0,12.0,14.0
5,3,1,2,1,3,Smooth Double,Short,1,3,5,3,3,3,3,4,Minimum 21.5-23.5 inches,Info Not Available,100-200 pounds,Info Not Available,10-12 years,"vigilant,fearless,patient",Foundation stock service,Tosa,https://www.akc.org/dog-breeds/tosa/,54.61,59.69,0.0,0.0,45.3592,90.7184,0.0,0.0,10.0,12.0
5,3,3,3,2,1,Smooth,Short,5,4,5,4,5,4,4,4,8.5-11.5 inches,Info Not Available,4 - 9 lbs,Info Not Available,13-15 years,"alert,intelligent,friendly",Toy group,Toy Fox Terrier,https://www.akc.org/dog-breeds/toy-fox-terrier/,21.59,29.21,0.0,0.0,1.814368,4.082328,0.0,0.0,13.0,15.0
5,5,5,3,2,3,Smooth,Short,4,5,5,4,4,5,4,5,22-26 inches,Info Not Available,Minimum 55 pounds,Info Not Available,10-14 years,"good-natured,courageous,determined",Foundation stock service,Transylvanian Hound,https://www.akc.org/dog-breeds/transylvanian-hound/,55.88,66.04,0.0,0.0,24.94756,24.94756,0.0,0.0,10.0,14.0
5,3,5,2,2,3,Smooth,Short,3,3,3,3,3,3,5,4,16-24 inches,Info Not Available,30-50 pounds,Info Not Available,10-12 years,"alert,intelligent,friendly",Foundation stock service,Treeing Tennessee Brindle,https://www.akc.org/dog-breeds/treeing-tennessee-brindle/,40.64,60.96,0.0,0.0,13.607759999999999,22.6796,0.0,0.0,10.0,12.0
5,5,5,3,1,3,Smooth,Short,3,4,3,4,5,5,4,5,22-27 inches (male),20-25 inches (female),50-70 pounds,Info Not Available,12-13 years,"smart,brave,courteous",Hound group,Treeing Walker Coonhound,https://www.akc.org/dog-breeds/treeing-walker-coonhound/,55.88,68.58,50.8,63.5,22.6796,31.75144,0.0,0.0,12.0,13.0
5,5,4,3,2,2,Smooth,Short,4,5,3,5,5,5,3,5,22-24 inches (male),21-23 inches (female),55-60 pounds (male),44-55 pounds (female),12-14 years,"energetic,affectionate,gentle",Sporting group,Vizsla,https://www.akc.org/dog-breeds/vizsla/,55.88,60.96,53.34,58.42,24.94756,27.215519999999998,19.958047999999998,24.94756,12.0,14.0
5,3,3,2,1,1,N A,Long,1,3,3,1,3,3,1,5,10.5-12 inches,Info Not Available,10-16 pounds (males),8-12 pounds (females),12-15 years,"loyal,energetic,loving",Foundation stock service,Volpino Italiano,https://www.akc.org/dog-breeds/volpino-italiano/,26.67,30.48,0.0,0.0,4.53592,7.257472,3.628736,5.443104,12.0,15.0
5,5,3,3,2,2,Smooth,Short,3,5,5,4,5,5,3,5,25-27 inches (male),23-25 inches (female),70-90 pounds (male),55-75 pounds (female),10-13 years,"friendly,fearless,obedient",Sporting group,Weimaraner,https://www.akc.org/dog-breeds/weimaraner/,63.5,68.58,58.42,63.5,31.75144,40.82328,24.94756,34.0194,10.0,13.0
5,5,4,3,2,2,Double,Medium,1,3,3,4,5,4,3,4,18-19 inches (male),17-18 inches (female),40-55 pounds (male),35-50 pounds (female),12-15 years,"reserved,happy,upbeat",Sporting group,Welsh Springer Spaniel,https://www.akc.org/dog-breeds/welsh-springer-spaniel/,45.72,48.26,43.18,45.72,18.14368,24.94756,15.87572,22.6796,12.0,15.0
5,5,3,2,3,2,Wiry Double,Medium,5,4,4,4,4,4,4,4,15 inches (male),porportionally smaller (female),20 pounds (male),proportionally smaller (female),12-15 years,"intelligent,friendly,spirited",Terrier group,Welsh Terrier,https://www.akc.org/dog-breeds/welsh-terrier/,38.1,38.1,0.0,0.0,9.07184,9.07184,0.0,0.0,12.0,15.0
5,5,3,3,3,1,Double,Medium,4,5,5,4,3,4,5,4,11 inches (male),10 inches (female),15-20 pounds,Info Not Available,13-15 years,"loyal,happy,entertaining",Terrier group,West Highland White Terrier,https://www.akc.org/dog-breeds/west-highland-white-terrier/,27.94,27.94,25.4,25.4,6.8038799999999995,9.07184,0.0,0.0,13.0,15.0
0,0,0,0,0,0,Curly,Medium,0,0,0,0,0,0,0,0,23 inches (male),21.5 inches (female),50-75 pounds,Info Not Available,13 years,"loyal,intelligent,good-natured",Foundation stock service,Wetterhoun,https://www.akc.org/dog-breeds/wetterhoun/,58.42,58.42,54.61,54.61,22.6796,34.0194,0.0,0.0,13.0,13.0
5,5,5,2,1,1,Smooth,Short,3,4,3,3,3,4,1,4,19-22 inches (male),18-21 inches (female),25-40 pounds,Info Not Available,12-15 years,"playful,affectionate,calm",Hound group,Whippet,https://www.akc.org/dog-breeds/whippet/,48.26,55.88,45.72,53.34,11.3398,18.14368,0.0,0.0,12.0,15.0
5,5,3,2,3,2,Wiry Double,Medium,5,4,4,4,4,4,4,4,15Â½ inches,Info Not Available,18 pounds (male),15-17 (female),12-15 years,"alert,confident,gregarious",Terrier group,Wire Fox Terrier,https://www.akc.org/dog-breeds/wire-fox-terrier/,38.1,38.1,0.0,0.0,8.164656,8.164656,6.8038799999999995,7.711064,12.0,15.0
5,5,3,3,2,3,Wiry Double,Medium,5,4,3,4,5,5,3,5,22-24 inches (male),20-22 inches (female),50-70 pounds (male),35-50 pounds (female),12-15 years,"friendly,devoted,trainable",Sporting group,Wirehaired Pointing Griffon,https://www.akc.org/dog-breeds/wirehaired-pointing-griffon/,55.88,60.96,50.8,55.88,22.6796,31.75144,15.87572,22.6796,12.0,15.0
5,5,3,3,1,2,Wiry,Short,5,5,3,4,5,5,3,5,23-25 inches (male),21.5-23 inches (female),55-65 pounds (male),45-55 pounds (female),12-14 years,"loyal,gentle,trainable",Sporting group,Wirehaired Vizsla,https://www.akc.org/dog-breeds/wirehaired-vizsla/,58.42,63.5,54.61,58.42,24.94756,29.48348,20.41164,24.94756,12.0,14.0
5,5,3,3,1,2,Smooth,Short,5,5,4,4,5,5,3,5,19-25 inches,Info Not Available,28-60 pounds,Info Not Available,12-15 years,"alert,intelligent,eager",Foundation stock service,Working Kelpie,https://www.akc.org/dog-breeds/working-kelpie/,48.26,63.5,0.0,0.0,12.700576,27.215519999999998,0.0,0.0,12.0,15.0
5,3,3,1,1,1,Hairless Smooth,Short,3,4,3,4,4,4,3,4,10-14 inches (toy),14-18 inches (miniature),10-15 pounds (toy),15-30 pounds (miniature),13-18 years,"alert,loyal,calm",Non-sporting group,Xoloitzcuintli,https://www.akc.org/dog-breeds/xoloitzcuintli/,25.4,35.56,35.56,45.72,4.53592,6.8038799999999995,6.8038799999999995,13.607759999999999,13.0,18.0
5,5,4,4,2,3,Double,Medium,1,4,5,4,3,5,4,5,21-23 inches,Info Not Available,40-55 pounds,Info Not Available,10-12 years,"intelligent,active,affectionate",Foundation stock service,Yakutian Laika,https://www.akc.org/dog-breeds/yakutian-laika/,53.34,58.42,0.0,0.0,18.14368,24.94756,0.0,0.0,10.0,12.0
5,5,3,1,5,1,Silky,Long,5,4,5,5,4,4,4,4,7-8 inches,Info Not Available,7 pounds,Info Not Available,11-15 years,"affectionate,sprightly,tomboyish",Toy group,Yorkshire Terrier,https://www.akc.org/dog-breeds/yorkshire-terrier/,17.78,20.32,0.0,0.0,3.175144,3.175144,0.0,0.0,11.0,15.0
3,3,3,3,2,2,Smooth,Short,3,3,3,3,4,4,2,4,17-20.5 inches,Info Not Available,37-66 pounds,Info Not Available,12-15 years,"loyal,reserved with strangers,versatile",Foundation stock service,Bavarian Mountain Scent Hound,https://www.akc.org/dog-breeds/bavarian-mountain-scent-hound/,43.18,52.07,0.0,0.0,16.782904,29.937072,0.0,0.0,12.0,15.0
0,4,3,1,0,0,Wiry,Medium,0,0,0,0,5,5,5,0,20.5 - 22 inches (males),19 - 21 inches (females),55-60 lbs (males),46-57 lbs (females),12-14 years,"loyal,intelligent,joyful and fun loving",Foundation stock service,Barbado da Terceira,https://www.akc.org/dog-breeds/barbado-da-terceira/,52.07,55.88,48.26,53.34,24.94756,27.215519999999998,20.865232,25.854744,12.0,14.0
